UID,N,ADEP,ADES,START,STOP,ARR,RWY
06a0fc-QTR095-2019-03-04-0,3598,OTHH,LSZH,2019-03-04T08:54:48Z,2019-03-04T11:54:28Z,TRUE,28
06a0fc-QTR096-2019-03-04-0,2591,LSZH,OTHH,2019-03-04T14:58:09Z,2019-03-04T17:42:16Z,FALSE,NA
06a106-QTR093-2019-03-04-0,2552,OTHH,LSZH,2019-03-04T02:49:34Z,2019-03-04T05:41:28Z,TRUE,14
06a106-QTR8TL-2019-03-04-0,1979,LSZH,OTHH,2019-03-04T07:33:37Z,2019-03-04T10:15:43Z,FALSE,NA
30025c-IKREM-2019-03-04-0,2684,NA,LSZH,2019-03-04T06:34:37Z,2019-03-04T07:20:12Z,TRUE,14
300291-ICDOL-2019-03-04-0,2849,LIRZ,LSZH,2019-03-04T07:35:38Z,2019-03-04T08:44:12Z,TRUE,28
3006b5-DLH4TT-2019-03-04-0,2467,EDDM,LSZH,2019-03-04T07:17:42Z,2019-03-04T07:58:48Z,TRUE,28
3006b5-DLH9JV-2019-03-04-0,2310,LSZH,EDDM,2019-03-04T08:56:36Z,2019-03-04T09:35:05Z,FALSE,NA
342106-IBE3475-2019-03-04-0,2655,LSZH,LEMD,2019-03-04T06:37:11Z,2019-03-04T08:55:48Z,FALSE,NA
342188-IBE3474-2019-03-04-0,2282,LEMD,LSZH,2019-03-04T15:15:01Z,2019-03-04T16:54:24Z,TRUE,28
342188-IBE34SB-2019-03-04-0,2282,LSZH,LEMD,2019-03-04T18:06:05Z,2019-03-04T20:38:59Z,FALSE,NA
34264a-IBE3476-2019-03-04-0,2499,LEMD,LSZH,2019-03-04T18:56:00Z,2019-03-04T21:18:40Z,TRUE,28
3430c3-IBE3477-2019-03-04-0,2723,LSZH,LEMD,2019-03-04T11:06:30Z,2019-03-04T13:26:28Z,FALSE,NA
3430c3-IBE34MK-2019-03-04-0,2703,LEMD,LSZH,2019-03-04T07:53:30Z,2019-03-04T09:52:59Z,TRUE,28
343495-AEA1671-2019-03-04-0,2478,LEMD,LSZH,2019-03-04T15:19:42Z,2019-03-04T17:06:48Z,TRUE,28
343495-AEA50UD-2019-03-04-0,2533,LEMD,LSZH,2019-03-04T07:28:33Z,2019-03-04T09:22:57Z,TRUE,28
343495-AEA62VD-2019-03-04-0,2994,LSZH,LEMD,2019-03-04T10:34:08Z,2019-03-04T13:09:25Z,FALSE,NA
343495-AEA75BM-2019-03-04-0,3298,LSZH,LEMD,2019-03-04T18:04:01Z,2019-03-04T20:54:58Z,FALSE,NA
344283-VLG306Z-2019-03-04-0,3194,LEBL,LSZH,2019-03-04T17:15:32Z,2019-03-04T18:45:58Z,TRUE,28
344283-VLG64JB-2019-03-04-0,2760,LSZH,LEBL,2019-03-04T19:30:04Z,2019-03-04T21:07:56Z,FALSE,NA
3444cf-VLG21LK-2019-03-04-0,2861,LSZH,LEMG,2019-03-04T09:22:38Z,2019-03-04T11:58:37Z,FALSE,NA
3444cf-VLG21QR-2019-03-04-0,2410,LEMG,LSZH,2019-03-04T05:54:31Z,2019-03-04T08:06:29Z,TRUE,28
345108-VLG13MM-2019-03-04-0,2222,LSZH,LEAL,2019-03-04T13:14:12Z,2019-03-04T15:09:37Z,FALSE,NA
345108-VLG13PT-2019-03-04-0,3136,NA,LSZH,2019-03-04T10:07:01Z,2019-03-04T12:11:23Z,TRUE,28
345643-VLG58QZ-2019-03-04-0,2755,LSZH,LEBL,2019-03-04T09:08:39Z,2019-03-04T10:46:28Z,FALSE,NA
345643-VLG6246-2019-03-04-0,3186,LEBL,LSZH,2019-03-04T06:37:32Z,2019-03-04T08:13:29Z,TRUE,28
3944eb-AFR141J-2019-03-04-0,2271,LFPG,LSZH,2019-03-04T20:01:41Z,2019-03-04T20:52:19Z,TRUE,28
3950c1-AFR92HG-2019-03-04-0,3186,LSZH,LFPG,2019-03-04T05:51:14Z,2019-03-04T07:02:04Z,FALSE,NA
3950c3-AFR181B-2019-03-04-0,2486,LFPG,LSZH,2019-03-04T16:31:29Z,2019-03-04T17:25:49Z,TRUE,28
3950c3-AFR62YR-2019-03-04-0,2844,LSZH,LFPG,2019-03-04T18:18:00Z,2019-03-04T19:23:28Z,FALSE,NA
3950ce-AFR161B-2019-03-04-0,2067,LFPG,LSZH,2019-03-04T13:21:24Z,2019-03-04T14:08:45Z,TRUE,14
3950ce-AFR25TR-2019-03-04-0,2719,LSZH,LFPG,2019-03-04T14:56:10Z,2019-03-04T16:01:07Z,FALSE,NA
3991e4-AFR23GM-2019-03-04-0,3516,LSZH,LFPG,2019-03-04T09:28:16Z,2019-03-04T10:44:54Z,FALSE,NA
3991e4-AFR56TQ-2019-03-04-0,2631,LFPG,LSZH,2019-03-04T07:54:09Z,2019-03-04T08:50:58Z,TRUE,28
3c55a4-DLH8KT-2019-03-04-0,2802,EDDM,LSZH,2019-03-04T18:27:05Z,2019-03-04T19:13:46Z,TRUE,28
3c55a4-DLH9JC-2019-03-04-0,2875,LSZH,EDDM,2019-03-04T20:00:32Z,2019-03-04T20:48:26Z,FALSE,NA
3c56ed-EWG18A-2019-03-04-0,2818,EDDL,LSZH,2019-03-04T06:03:38Z,2019-03-04T07:01:35Z,TRUE,14
3c56ed-EWG6RU-2019-03-04-0,3474,EDDL,LSZH,2019-03-04T18:33:01Z,2019-03-04T19:40:44Z,TRUE,28
3c56ed-EWG71R-2019-03-04-0,2322,LSZH,EDDL,2019-03-04T07:52:08Z,2019-03-04T08:58:15Z,FALSE,NA
3c56ed-EWG8PA-2019-03-04-0,2469,LSZH,EDDL,2019-03-04T20:36:54Z,2019-03-04T21:35:06Z,FALSE,NA
3c56f1-EWG2T-2019-03-04-0,3208,EDDH,LSZH,2019-03-04T06:15:38Z,2019-03-04T07:40:56Z,TRUE,28
3c56f1-EWG6NL-2019-03-04-0,2396,LSZH,EDDH,2019-03-04T08:26:32Z,2019-03-04T09:47:25Z,FALSE,NA
3c56f5-EWG1UR-2019-03-04-0,3265,EDDH,LSZH,2019-03-04T18:13:41Z,2019-03-04T19:35:51Z,TRUE,28
3c56f5-EWG7WP-2019-03-04-0,2979,LSZH,EDDH,2019-03-04T20:00:33Z,2019-03-04T21:27:36Z,FALSE,NA
3c56f7-EWG74T-2019-03-04-0,2718,LSZH,EDDL,2019-03-04T19:30:01Z,2019-03-04T20:34:07Z,FALSE,NA
3c56f7-EWG7ME-2019-03-04-0,2905,EDDL,LSZH,2019-03-04T17:22:32Z,2019-03-04T18:26:29Z,TRUE,28
3c5ee2-EWG2HK-2019-03-04-0,2663,EDDH,LSZH,2019-03-04T16:36:02Z,2019-03-04T17:48:26Z,TRUE,28
3c5ee2-EWG6YZ-2019-03-04-0,2714,LSZH,EDDH,2019-03-04T18:27:13Z,2019-03-04T19:52:18Z,FALSE,NA
3c5ee3-EWG30L-2019-03-04-0,3291,EDDL,LSZH,2019-03-04T14:48:03Z,2019-03-04T15:54:51Z,TRUE,28
3c5ee3-EWG3WF-2019-03-04-0,2281,LSZH,EDDL,2019-03-04T16:51:15Z,2019-03-04T17:50:59Z,FALSE,NA
3c65cf-DLH5CP-2019-03-04-0,2654,EDDF,LSZH,2019-03-04T12:41:34Z,2019-03-04T13:25:47Z,TRUE,14
3c65cf-DLH9C-2019-03-04-0,2965,LSZH,EDDF,2019-03-04T14:02:30Z,2019-03-04T14:51:54Z,FALSE,NA
3c65d0-DLH6TX-2019-03-04-0,3470,EDDF,LSZH,2019-03-04T15:42:06Z,2019-03-04T16:39:55Z,TRUE,28
3c65d0-DLH8C-2019-03-04-0,2749,LSZH,EDDF,2019-03-04T17:42:32Z,2019-03-04T18:28:20Z,FALSE,NA
3c65d4-DLH6C-2019-03-04-0,3647,LSZH,EDDF,2019-03-04T19:01:34Z,2019-03-04T20:02:20Z,FALSE,NA
3c65d4-DLH6HU-2019-03-04-0,3231,EDDF,LSZH,2019-03-04T17:24:08Z,2019-03-04T18:17:58Z,TRUE,28
3c662e-EWG6F-2019-03-04-0,3217,LSZH,EDDK,2019-03-04T20:20:53Z,2019-03-04T21:19:19Z,FALSE,NA
3c662e-EWG7NM-2019-03-04-0,3377,EDDK,LSZH,2019-03-04T18:30:19Z,2019-03-04T19:33:56Z,TRUE,28
3c6676-DLH7C-2019-03-04-0,3406,LSZH,EDDF,2019-03-04T10:47:13Z,2019-03-04T11:43:58Z,FALSE,NA
3c6676-DLH8PP-2019-03-04-0,3586,EDDF,LSZH,2019-03-04T08:48:38Z,2019-03-04T09:48:23Z,TRUE,28
3c66ac-DLH1C-2019-03-04-0,4300,LSZH,EDDF,2019-03-04T08:41:04Z,2019-03-04T09:52:43Z,FALSE,NA
3c66ac-DLH1EN-2019-03-04-0,2834,EDDF,LSZH,2019-03-04T07:07:09Z,2019-03-04T07:54:22Z,TRUE,28
3c66e2-DLH2WY-2019-03-04-0,4308,LSZH,EDDM,2019-03-04T12:47:34Z,2019-03-04T13:59:21Z,FALSE,NA
3c66e2-DLH4AF-2019-03-04-0,2551,EDDM,LSZH,2019-03-04T11:20:26Z,2019-03-04T12:02:56Z,TRUE,28
3c66e3-DLH3C-2019-03-04-0,4516,LSZH,EDDF,2019-03-04T08:29:14Z,2019-03-04T09:44:29Z,FALSE,NA
3c66e3-DLH4CF-2019-03-04-0,2839,EDDF,LSZH,2019-03-04T05:51:39Z,2019-03-04T06:38:57Z,TRUE,14
3c6752-EWG3WA-2019-03-04-0,2428,LSZH,EDDL,2019-03-04T08:53:09Z,2019-03-04T10:05:11Z,FALSE,NA
3c6752-EWG74C-2019-03-04-0,2974,EDDL,LSZH,2019-03-04T06:51:03Z,2019-03-04T07:53:05Z,TRUE,28
3c6755-EWG9776-2019-03-04-0,2345,EDDL,LSZH,2019-03-04T13:24:15Z,2019-03-04T14:14:24Z,TRUE,14
3c6755-EWG9777-2019-03-04-0,2173,LSZH,EDDL,2019-03-04T15:14:41Z,2019-03-04T16:10:28Z,FALSE,NA
3c6dcb-EWG56L-2019-03-04-0,3418,EDDK,LSZH,2019-03-04T10:13:48Z,2019-03-04T11:17:20Z,TRUE,28
3c6dcb-EWG9XL-2019-03-04-0,2803,LSZH,EDKB,2019-03-04T12:19:05Z,2019-03-04T13:15:41Z,FALSE,NA
3cd50b-TYW211F-2019-03-04-0,2274,NA,LSZH,2019-03-04T11:05:14Z,2019-03-04T13:04:25Z,TRUE,14
3cd50b-TYW212F-2019-03-04-0,1266,LSZH,LOIR,2019-03-04T13:36:41Z,2019-03-04T13:57:46Z,FALSE,NA
3e3ab8-XGO3N-2019-03-04-0,2971,NA,LSZH,2019-03-04T17:27:13Z,2019-03-04T19:18:36Z,TRUE,28
400804-BAW3ZL-2019-03-04-0,3362,LSZH,EGLL,2019-03-04T12:17:33Z,2019-03-04T14:13:45Z,FALSE,NA
400804-BAW712T-2019-03-04-0,2893,EGLL,LSZH,2019-03-04T09:34:53Z,2019-03-04T11:02:53Z,TRUE,28
40087b-BAW750P-2019-03-04-0,7241,EGLL,LSZH,2019-03-04T14:57:45Z,2019-03-04T17:37:50Z,TRUE,28
40087b-BAW9257-2019-03-04-0,2279,LSZH,LSZM,2019-03-04T20:02:31Z,2019-03-04T20:40:29Z,FALSE,NA
400935-BAW720T-2019-03-04-0,2237,EGLL,LSZH,2019-03-04T19:49:06Z,2019-03-04T21:06:40Z,TRUE,28
400937-BAW718-2019-03-04-0,2501,EGLL,LSZH,2019-03-04T16:02:37Z,2019-03-04T17:22:23Z,TRUE,28
400937-BAW719-2019-03-04-0,2400,LSZH,EGLL,2019-03-04T18:52:39Z,2019-03-04T20:27:41Z,FALSE,NA
40093d-BAW707H-2019-03-04-0,2963,LSZH,EGLL,2019-03-04T20:39:47Z,2019-03-04T22:16:47Z,FALSE,NA
40093d-BAW708Z-2019-03-04-0,2404,EGLL,LSZH,2019-03-04T18:30:41Z,2019-03-04T19:48:55Z,TRUE,28
400941-BAW710-2019-03-04-0,2480,EGLL,LSZH,2019-03-04T07:20:44Z,2019-03-04T08:42:56Z,TRUE,28
400941-BAW711-2019-03-04-0,2710,LSZH,EGLL,2019-03-04T09:41:06Z,2019-03-04T11:15:07Z,FALSE,NA
4009c7-BAW709-2019-03-04-0,3185,LSZH,EGLL,2019-03-04T06:03:46Z,2019-03-04T07:55:58Z,FALSE,NA
400a25-BAW14R-2019-03-04-0,2643,EGLL,LSZH,2019-03-04T13:22:47Z,2019-03-04T14:45:28Z,TRUE,28
400a25-BAW717T-2019-03-04-0,2803,LSZH,EGLL,2019-03-04T15:59:36Z,2019-03-04T17:39:59Z,FALSE,NA
4010ec-EZY49ZQ-2019-03-04-0,2678,EDDT,LSZH,2019-03-04T17:19:20Z,2019-03-04T18:31:44Z,TRUE,28
4010ec-EZY72LE-2019-03-04-0,2525,LSZH,EDDT,2019-03-04T19:28:37Z,2019-03-04T20:41:20Z,FALSE,NA
405631-EZY17NE-2019-03-04-0,3204,LSZH,EGKK,2019-03-04T09:06:31Z,2019-03-04T10:40:25Z,FALSE,NA
405631-EZY42PU-2019-03-04-0,2292,EGKK,LSZH,2019-03-04T07:08:29Z,2019-03-04T08:23:40Z,TRUE,28
405b64-EZY69JA-2019-03-04-0,2377,LSZH,EDDT,2019-03-04T15:52:52Z,2019-03-04T17:23:03Z,FALSE,NA
405b64-EZY69YR-2019-03-04-0,3730,EGGW,LSZH,2019-03-04T13:17:55Z,2019-03-04T14:59:24Z,TRUE,28
406a1e-SXN55L-2019-03-04-0,2304,EGSS,LSZH,2019-03-04T16:45:34Z,2019-03-04T17:57:34Z,TRUE,28
406b6c-CFE45J-2019-03-04-0,2751,EGLC,LSZH,2019-03-04T16:12:15Z,2019-03-04T17:34:24Z,TRUE,28
406b6c-CFE50L-2019-03-04-0,3156,LSZH,EGLC,2019-03-04T18:17:00Z,2019-03-04T19:56:47Z,FALSE,NA
406bcd-SYG559-2019-03-04-0,3337,EGLK,LSZH,2019-03-04T15:54:27Z,2019-03-04T17:42:17Z,TRUE,28
406bcd-SYG559-2019-03-04-1,3773,LSZH,EGLK,2019-03-04T18:33:07Z,2019-03-04T20:39:40Z,FALSE,NA
4243e2-AFL2392-2019-03-04-0,2711,UUEE,LSZH,2019-03-04T17:27:04Z,2019-03-04T20:55:53Z,TRUE,28
4243e2-AFL2393-2019-03-04-0,1757,LSZH,UUEE,2019-03-04T21:57:22Z,2019-03-04T23:59:59Z,FALSE,NA
4243ef-AFL2486-2019-03-04-0,3696,UUEE,LSZH,2019-03-04T08:02:05Z,2019-03-04T11:43:23Z,TRUE,28
4243ef-AFL2487-2019-03-04-0,1703,LSZH,UUEE,2019-03-04T13:07:36Z,2019-03-04T16:18:06Z,FALSE,NA
43ea2d-MYVVF-2019-03-04-0,1735,LSZH,UUWW,2019-03-04T14:25:41Z,2019-03-04T17:07:35Z,FALSE,NA
43ea99-MNAME-2019-03-04-0,3013,UUWW,LSZH,2019-03-04T12:34:01Z,2019-03-04T15:49:25Z,TRUE,28
440005-EZY75XA-2019-03-04-0,2816,LSZH,EHAM,2019-03-04T15:42:33Z,2019-03-04T17:16:42Z,FALSE,NA
440005-EZY84MN-2019-03-04-0,2687,EHAM,LSZH,2019-03-04T12:56:05Z,2019-03-04T14:03:26Z,TRUE,14
440018-EZY26HA-2019-03-04-0,2638,LPPT,LSZH,2019-03-04T07:11:53Z,2019-03-04T09:47:44Z,TRUE,28
440018-EZY89XB-2019-03-04-0,2939,LSZH,LPAR,2019-03-04T10:35:00Z,2019-03-04T13:31:12Z,FALSE,NA
44001a-AUA551-2019-03-04-0,2817,LOWW,LSZH,2019-03-04T07:51:34Z,2019-03-04T09:05:12Z,TRUE,28
44001a-AUA61KY-2019-03-04-0,1963,LSZH,LOWW,2019-03-04T09:58:07Z,2019-03-04T10:59:58Z,FALSE,NA
440031-EZY92EM-2019-03-04-0,2279,LSZH,EGGW,2019-03-04T08:43:32Z,2019-03-04T10:12:27Z,FALSE,NA
440031-EZY98CQ-2019-03-04-0,3079,EGGW,LSZH,2019-03-04T06:22:42Z,2019-03-04T07:49:29Z,TRUE,28
44006c-AUA19NK-2019-03-04-0,1749,LSZH,LOWW,2019-03-04T18:15:00Z,2019-03-04T19:15:49Z,FALSE,NA
44006c-AUA553-2019-03-04-0,2853,LOWW,LSZH,2019-03-04T15:50:04Z,2019-03-04T17:02:47Z,TRUE,28
44006d-AUA65WY-2019-03-04-0,2611,LSZH,LOWW,2019-03-04T06:42:00Z,2019-03-04T07:52:48Z,FALSE,NA
440130-AUA60MR-2019-03-04-0,3191,LOWW,LSZH,2019-03-04T14:50:00Z,2019-03-04T16:08:36Z,TRUE,28
440130-AUA69HL-2019-03-04-0,1884,LSZH,LOWW,2019-03-04T17:16:00Z,2019-03-04T18:19:38Z,FALSE,NA
44016b-AUA569-2019-03-04-0,2937,LOWW,LSZH,2019-03-04T12:16:15Z,2019-03-04T13:33:18Z,TRUE,14
44016b-AUA570-2019-03-04-0,1697,LSZH,LOWW,2019-03-04T14:29:07Z,2019-03-04T15:20:20Z,FALSE,NA
440209-EZY13EN-2019-03-04-0,3718,EDDT,LSZH,2019-03-04T06:07:06Z,2019-03-04T07:38:53Z,TRUE,28
440209-EZY81YF-2019-03-04-0,2299,LSZH,EDDT,2019-03-04T08:33:05Z,2019-03-04T09:41:13Z,FALSE,NA
44020a-AUA57HJ-2019-03-04-0,2503,LOWW,LSZH,2019-03-04T19:22:02Z,2019-03-04T20:29:25Z,TRUE,28
44022c-GDK04CG-2019-03-04-0,2774,LSZH,LFPB,2019-03-04T17:51:39Z,2019-03-04T18:59:05Z,FALSE,NA
440237-EZY13WG-2019-03-04-0,2399,EGKK,LSZH,2019-03-04T17:24:45Z,2019-03-04T18:39:23Z,TRUE,28
440237-EZY58DL-2019-03-04-0,2924,LSZH,EGKK,2019-03-04T19:24:39Z,2019-03-04T20:54:01Z,FALSE,NA
440309-EZY18AE-2019-03-04-0,2392,LSZH,EDDT,2019-03-04T10:25:40Z,2019-03-04T11:46:51Z,FALSE,NA
440309-EZY61PT-2019-03-04-0,2981,EDDT,LSZH,2019-03-04T07:47:49Z,2019-03-04T09:08:26Z,TRUE,28
440309-EZY86NP-2019-03-04-0,2275,LSZH,EDDT,2019-03-04T05:26:23Z,2019-03-04T06:31:26Z,FALSE,NA
440469-EZY5877-2019-03-04-0,2505,EDDT,LSZH,2019-03-04T20:13:45Z,2019-03-04T21:22:21Z,TRUE,28
440599-EZY19QD-2019-03-04-0,3016,LSZH,EGGW,2019-03-04T17:45:12Z,2019-03-04T19:29:30Z,FALSE,NA
440599-EZY37ED-2019-03-04-0,3382,EDDT,LSZH,2019-03-04T15:11:44Z,2019-03-04T16:36:51Z,TRUE,28
44061d-EZY9006-2019-03-04-0,2985,EDDB,LSZH,2019-03-04T06:08:20Z,2019-03-04T07:29:56Z,TRUE,28
44061d-EZY9007-2019-03-04-0,2596,LSZH,EDDB,2019-03-04T16:51:01Z,2019-03-04T18:08:27Z,FALSE,NA
44061d-EZY9681-2019-03-04-0,3708,LPPT,LSZH,2019-03-04T13:01:06Z,2019-03-04T15:54:27Z,TRUE,28
44061d-EZY9682-2019-03-04-0,2862,LSZH,LPPT,2019-03-04T08:18:04Z,2019-03-04T11:13:56Z,FALSE,NA
440666-AUA11YL-2019-03-04-0,3345,LSZH,LSZH,2019-03-04T08:01:35Z,2019-03-04T08:57:19Z,TRUE,NA
440666-AUA11YL-2019-03-04-1,1738,LSZH,LOWW,2019-03-04T09:07:31Z,2019-03-04T10:04:06Z,FALSE,NA
440666-AUA50JW-2019-03-04-0,2256,LSZH,LOWW,2019-03-04T18:52:18Z,2019-03-04T19:57:33Z,FALSE,NA
440666-AUA78TQ-2019-03-04-0,3153,LOWW,LSZH,2019-03-04T06:20:44Z,2019-03-04T07:39:54Z,TRUE,28
440666-AUA81NZ-2019-03-04-0,2572,LOWW,LSZH,2019-03-04T16:52:01Z,2019-03-04T18:06:57Z,TRUE,28
440823-AUA40UV-2019-03-04-0,5241,LOWW,LSZH,2019-03-04T12:21:01Z,2019-03-04T14:13:54Z,TRUE,14
440823-AUA40UV-2019-03-04-1,2002,LSZH,LOWW,2019-03-04T15:49:34Z,2019-03-04T16:51:34Z,FALSE,NA
440866-GAC900J-2019-03-04-0,2620,LSZH,EBMB,2019-03-04T07:00:39Z,2019-03-04T08:04:52Z,FALSE,NA
440866-GAC901J-2019-03-04-0,2952,EBMB,LSZH,2019-03-04T16:58:31Z,2019-03-04T18:01:28Z,TRUE,28
4491e2-FYG193B-2019-03-04-0,1688,EDNY,LSZH,2019-03-04T16:16:20Z,2019-03-04T16:44:27Z,TRUE,28
44cc74-AAB500-2019-03-04-0,2901,LSZH,ELLX,2019-03-04T10:15:06Z,2019-03-04T11:03:26Z,FALSE,NA
4586e8-OYAWH-2019-03-04-0,4844,EKKA,LSZH,2019-03-04T06:43:01Z,2019-03-04T09:58:49Z,TRUE,28
45ac2d-SAS609-2019-03-04-0,2851,EKCH,LSZH,2019-03-04T17:25:58Z,2019-03-04T19:00:58Z,TRUE,28
45ac2d-SAS89B-2019-03-04-0,2636,LSZH,EKCH,2019-03-04T19:52:31Z,2019-03-04T21:26:25Z,FALSE,NA
45ac2f-SAS1605-2019-03-04-0,2622,ESSA,LSZH,2019-03-04T16:17:07Z,2019-03-04T18:30:29Z,TRUE,28
45ac2f-SAS54R-2019-03-04-0,1961,LSZH,ESSA,2019-03-04T19:19:34Z,2019-03-04T21:22:38Z,FALSE,NA
45ac46-SAS601-2019-03-04-0,3110,EKCH,LSZH,2019-03-04T07:37:42Z,2019-03-04T09:28:47Z,TRUE,28
45ac46-SAS602-2019-03-04-0,2048,LSZH,EKCH,2019-03-04T10:26:36Z,2019-03-04T11:48:56Z,FALSE,NA
461f62-FIN6AP-2019-03-04-0,3162,EFHK,LSZH,2019-03-04T06:15:44Z,2019-03-04T09:09:54Z,TRUE,28
461f62-FIN8PY-2019-03-04-0,2432,LSZH,EFHK,2019-03-04T10:11:16Z,2019-03-04T12:35:25Z,FALSE,NA
461f6c-FIN5DL-2019-03-04-0,3197,EFHK,LSZH,2019-03-04T14:37:44Z,2019-03-04T17:37:50Z,TRUE,28
461f6c-FIN6KP-2019-03-04-0,2599,LSZH,EFHK,2019-03-04T18:25:15Z,2019-03-04T21:00:45Z,FALSE,NA
4692d0-AEE5SZ-2019-03-04-0,2708,LGKN,LSZH,2019-03-04T06:42:30Z,2019-03-04T09:07:59Z,TRUE,28
4692d0-AEE5ZH-2019-03-04-0,3155,LSZH,LGAV,2019-03-04T09:56:37Z,2019-03-04T12:27:53Z,FALSE,NA
47840b-SAS841-2019-03-04-0,2728,ENGM,LSZH,2019-03-04T09:51:46Z,2019-03-04T12:00:18Z,TRUE,28
47840b-SAS842-2019-03-04-0,1800,LSZH,ENKJ,2019-03-04T13:11:17Z,2019-03-04T14:55:06Z,FALSE,NA
47be91-SAS54A-2019-03-04-0,2390,LSZH,ESSA,2019-03-04T10:04:35Z,2019-03-04T12:16:52Z,FALSE,NA
47be91-SAS99R-2019-03-04-1,2870,ESSA,LSZH,2019-03-04T06:47:23Z,2019-03-04T09:09:22Z,TRUE,28
484b8f-KLM47B-2019-03-04-0,2279,EHAM,LSZH,2019-03-04T06:04:10Z,2019-03-04T07:03:55Z,TRUE,14
484b8f-KLM48B-2019-03-04-0,2566,LSZH,EHAM,2019-03-04T10:04:04Z,2019-03-04T11:23:39Z,FALSE,NA
484cb7-KLM1961-2019-03-04-0,2733,EHAM,LSZH,2019-03-04T15:35:30Z,2019-03-04T16:41:55Z,TRUE,28
484cb7-KLM56L-2019-03-04-0,2478,LSZH,EHAM,2019-03-04T17:51:31Z,2019-03-04T19:07:25Z,FALSE,NA
4858c7-JNL182-2019-03-04-0,3380,EHBK,LSZH,2019-03-04T08:15:38Z,2019-03-04T09:18:29Z,TRUE,28
4858c7-JNL182-2019-03-04-1,1985,LSZH,NA,2019-03-04T10:49:09Z,2019-03-04T13:42:02Z,FALSE,NA
48af03-LOT420-2019-03-04-0,2584,LSZH,EPWA,2019-03-04T19:13:40Z,2019-03-04T20:56:47Z,FALSE,NA
48af03-LOT4ZV-2019-03-04-0,3067,EPWA,LSZH,2019-03-04T16:34:37Z,2019-03-04T18:26:56Z,TRUE,28
4951ce-TAP926G-2019-03-04-0,2914,LPPT,LSZH,2019-03-04T14:01:22Z,2019-03-04T16:23:55Z,TRUE,28
4951ce-TAP927M-2019-03-04-0,2816,LSZH,LPAR,2019-03-04T17:36:43Z,2019-03-04T20:28:46Z,FALSE,NA
4952c1-TAP928-2019-03-04-0,2404,LPPT,LSZH,2019-03-04T19:39:37Z,2019-03-04T22:02:34Z,TRUE,28
4952c1-TAP933-2019-03-04-0,3012,LSZH,LPAR,2019-03-04T05:17:26Z,2019-03-04T08:13:28Z,FALSE,NA
4b0f62-HBFVM-2019-03-04-0,3139,LSZH,NA,2019-03-04T05:55:23Z,2019-03-04T06:47:41Z,FALSE,NA
4b1543-CAZ101-2019-03-04-0,2585,LEMG,LSZH,2019-03-04T15:01:46Z,2019-03-04T17:13:16Z,TRUE,28
4b15d0-CAZ401-2019-03-04-0,2180,LSZH,EDDL,2019-03-04T11:08:26Z,2019-03-04T12:05:43Z,FALSE,NA
4b15d0-CAZ402-2019-03-04-0,2194,EDDL,LSZH,2019-03-04T19:04:36Z,2019-03-04T19:50:08Z,TRUE,28
4b15ed-EDW23H-2019-03-04-0,2611,LEZL,LSZH,2019-03-04T12:33:36Z,2019-03-04T14:47:58Z,TRUE,28
4b15ed-EDW62N-2019-03-04-0,3042,LSZH,LEZL,2019-03-04T08:43:50Z,2019-03-04T11:29:38Z,FALSE,NA
4b15ed-SWR93W-2019-03-04-0,2750,LSZH,EDDT,2019-03-04T17:53:05Z,2019-03-04T19:15:43Z,FALSE,NA
4b15ed-SWR97Q-2019-03-04-0,2491,EDDT,LSZH,2019-03-04T20:09:03Z,2019-03-04T21:16:06Z,TRUE,28
4b15ee-EDW310-2019-03-04-0,2452,LSZH,EGPH,2019-03-04T15:39:36Z,2019-03-04T17:36:29Z,FALSE,NA
4b15ee-EDW931-2019-03-04-0,2484,EGPH,LSZH,2019-03-04T18:59:46Z,2019-03-04T20:48:01Z,TRUE,28
4b15ee-SWR108K-2019-03-04-0,2166,LSZH,EDDH,2019-03-04T08:11:53Z,2019-03-04T09:24:56Z,FALSE,NA
4b15ee-SWR191P-2019-03-04-0,3176,EDDH,LSZH,2019-03-04T10:25:41Z,2019-03-04T11:48:26Z,TRUE,28
4b160e-SWR103Q-2019-03-04-0,2391,EDDL,LSZH,2019-03-04T19:28:44Z,2019-03-04T20:19:02Z,TRUE,28
4b160e-SWR107C-2019-03-04-0,2490,LSZH,EDDL,2019-03-04T17:34:35Z,2019-03-04T18:34:48Z,FALSE,NA
4b160e-SWR121X-2019-03-04-0,1949,LSZH,ESSA,2019-03-04T06:01:28Z,2019-03-04T07:54:56Z,FALSE,NA
4b160e-SWR1249-2019-03-04-0,3313,ESSA,LSZH,2019-03-04T09:10:41Z,2019-03-04T11:39:48Z,TRUE,28
4b160e-SWR44L-2019-03-04-0,3435,EDDT,LSZH,2019-03-04T15:03:00Z,2019-03-04T16:27:58Z,TRUE,28
4b160e-SWR95P-2019-03-04-0,1849,LSZH,EDDT,2019-03-04T13:02:07Z,2019-03-04T14:05:19Z,FALSE,NA
4b1612-SWR126T-2019-03-04-0,2490,LSZH,EKCH,2019-03-04T06:07:51Z,2019-03-04T07:38:12Z,FALSE,NA
4b1612-SWR129M-2019-03-04-0,2819,LSZH,LIPU,2019-03-04T12:18:31Z,2019-03-04T13:05:29Z,FALSE,NA
4b1612-SWR1663-2019-03-04-0,3400,LIPZ,LSZH,2019-03-04T14:32:33Z,2019-03-04T15:31:40Z,TRUE,28
4b1612-SWR169A-2019-03-04-0,4464,EKCH,LSZH,2019-03-04T09:01:46Z,2019-03-04T11:08:24Z,TRUE,28
4b1612-SWR47WY-2019-03-04-0,3206,LSGG,LSZH,2019-03-04T18:44:00Z,2019-03-04T19:37:25Z,TRUE,28
4b1612-SWR77UP-2019-03-04-0,2861,LSZH,LSGG,2019-03-04T16:57:38Z,2019-03-04T17:45:18Z,FALSE,NA
4b1612-SWR89KJ-2019-03-04-0,2502,LSZH,LSGG,2019-03-04T20:38:21Z,2019-03-04T21:20:02Z,FALSE,NA
4b1613-SWR105A-2019-03-04-0,2981,LSZH,EDDF,2019-03-04T06:09:18Z,2019-03-04T06:58:58Z,FALSE,NA
4b1613-SWR1069-2019-03-04-0,3226,EDDF,LSZH,2019-03-04T07:43:40Z,2019-03-04T08:37:25Z,TRUE,28
4b1613-SWR117K-2019-03-04-0,2437,LSZH,ESSA,2019-03-04T15:40:07Z,2019-03-04T17:40:10Z,FALSE,NA
4b1613-SWR122W-2019-03-04-0,2639,ESSA,LSZH,2019-03-04T19:03:40Z,2019-03-04T21:14:11Z,TRUE,28
4b1613-SWR33J-2019-03-04-0,2323,EGLL,LSZH,2019-03-04T12:39:11Z,2019-03-04T13:54:54Z,TRUE,14
4b1613-SWR34E-2019-03-04-0,3234,LSZH,EGLL,2019-03-04T09:25:05Z,2019-03-04T11:09:19Z,FALSE,NA
4b1615-SWR1325-2019-03-04-0,3500,UUDD,LSZH,2019-03-04T06:27:29Z,2019-03-04T10:07:57Z,TRUE,28
4b1615-SWR147W-2019-03-04-0,3144,LROP,LSZH,2019-03-04T14:10:45Z,2019-03-04T16:31:55Z,TRUE,28
4b1615-SWR182Q-2019-03-04-0,2396,LSZH,LROP,2019-03-04T11:04:30Z,2019-03-04T13:08:12Z,FALSE,NA
4b1615-SWR76T-2019-03-04-0,2398,LSZH,EBMB,2019-03-04T17:27:09Z,2019-03-04T18:24:29Z,FALSE,NA
4b1615-SWR789-2019-03-04-0,2351,EBBR,LSZH,2019-03-04T19:18:47Z,2019-03-04T20:08:54Z,TRUE,28
4b1616-SWR1060-2019-03-04-0,2841,LSZH,EDDH,2019-03-04T20:15:38Z,2019-03-04T21:47:29Z,FALSE,NA
4b1616-SWR324-2019-03-04-0,2711,LSZH,EGLL,2019-03-04T14:41:40Z,2019-03-04T16:27:14Z,FALSE,NA
4b1616-SWR35N-2019-03-04-0,2684,EGLL,LSZH,2019-03-04T17:31:41Z,2019-03-04T18:48:59Z,TRUE,28
4b1616-SWR42H-2019-03-04-0,2843,LSZH,EIDW,2019-03-04T08:19:08Z,2019-03-04T10:24:19Z,FALSE,NA
4b1616-SWR44M-2019-03-04-0,1957,EIDW,LSZH,2019-03-04T11:46:21Z,2019-03-04T13:28:26Z,TRUE,14
4b1616-SWR805G-2019-03-04-0,1938,LSGG,LSZH,2019-03-04T06:37:36Z,2019-03-04T07:09:53Z,TRUE,14
4b1617-SWR1061-2019-03-04-0,2680,EDDH,LSZH,2019-03-04T05:41:04Z,2019-03-04T06:57:58Z,TRUE,14
4b1617-SWR217M-2019-03-04-0,2828,NA,LSZH,2019-03-04T17:21:57Z,2019-03-04T18:56:54Z,TRUE,28
4b1617-SWR218L-2019-03-04-0,2809,LSZH,NA,2019-03-04T14:25:06Z,2019-03-04T15:49:19Z,FALSE,NA
4b1617-SWR962-2019-03-04-0,2321,LSZH,EDDT,2019-03-04T20:05:38Z,2019-03-04T21:15:22Z,FALSE,NA
4b1617-SWR97M-2019-03-04-0,1940,LSZH,EDDT,2019-03-04T08:05:01Z,2019-03-04T09:05:46Z,FALSE,NA
4b1617-SWR98A-2019-03-04-0,3399,EDDT,LSZH,2019-03-04T10:11:41Z,2019-03-04T11:40:23Z,TRUE,28
4b1618-SWR101X-2019-03-04-0,2396,LSZH,EDDH,2019-03-04T17:24:01Z,2019-03-04T18:42:50Z,FALSE,NA
4b1618-SWR152C-2019-03-04-0,3507,LOWW,LSZH,2019-03-04T09:01:13Z,2019-03-04T10:24:58Z,TRUE,28
4b1618-SWR1574-2019-03-04-0,2321,LSZH,LOWW,2019-03-04T06:10:47Z,2019-03-04T07:16:56Z,FALSE,NA
4b1618-SWR170X-2019-03-04-0,2120,EDDH,LSZH,2019-03-04T19:38:56Z,2019-03-04T20:41:06Z,TRUE,28
4b1618-SWR2143-2019-03-04-0,4073,NA,LSZH,2019-03-04T14:42:56Z,2019-03-04T16:33:59Z,TRUE,28
4b1618-SWR219Z-2019-03-04-0,2757,LSZH,NA,2019-03-04T11:24:41Z,2019-03-04T13:06:40Z,FALSE,NA
4b1619-SWR122F-2019-03-04-0,2741,ESSA,LSZH,2019-03-04T14:41:14Z,2019-03-04T16:58:16Z,TRUE,28
4b1619-SWR187F-2019-03-04-0,2500,LSZH,ESSA,2019-03-04T11:35:18Z,2019-03-04T13:41:09Z,FALSE,NA
4b1619-SWR63D-2019-03-04-0,2869,LFPG,LSZH,2019-03-04T09:21:54Z,2019-03-04T10:22:43Z,TRUE,28
4b1619-SWR63U-2019-03-04-0,3083,LSZH,LFPG,2019-03-04T06:41:25Z,2019-03-04T07:59:45Z,FALSE,NA
4b1619-SWR828-2019-03-04-0,2570,LSZH,EDDV,2019-03-04T17:59:00Z,2019-03-04T19:03:57Z,FALSE,NA
4b1619-SWR829-2019-03-04-0,2356,EDDV,LSZH,2019-03-04T19:52:19Z,2019-03-04T20:49:16Z,TRUE,28
4b161a-SWR106U-2019-03-04-0,3407,EDDL,LSZH,2019-03-04T10:02:01Z,2019-03-04T11:10:28Z,TRUE,28
4b161a-SWR109V-2019-03-04-0,2265,LSZH,EDDL,2019-03-04T08:04:33Z,2019-03-04T09:08:11Z,FALSE,NA
4b161a-SWR1950-2019-03-04-0,2769,LSZH,LEBL,2019-03-04T20:17:09Z,2019-03-04T21:55:54Z,FALSE,NA
4b161a-SWR1951-2019-03-04-0,2363,LEBL,LSZH,2019-03-04T05:47:44Z,2019-03-04T07:08:17Z,TRUE,14
4b161a-SWR59GW-2019-03-04-0,2154,LSGG,LSZH,2019-03-04T14:18:35Z,2019-03-04T14:54:28Z,TRUE,28
4b161a-SWR85KV-2019-03-04-0,1907,LSZH,LSGG,2019-03-04T12:45:35Z,2019-03-04T13:17:21Z,FALSE,NA
4b161a-SWR95M-2019-03-04-0,2970,EDDT,LSZH,2019-03-04T18:10:00Z,2019-03-04T19:26:28Z,TRUE,28
4b161a-SWR97X-2019-03-04-0,2233,LSZH,EDDT,2019-03-04T15:51:14Z,2019-03-04T17:12:11Z,FALSE,NA
4b161b-SWR112W-2019-03-04-0,2394,LSZH,LKPR,2019-03-04T12:01:00Z,2019-03-04T13:03:25Z,FALSE,NA
4b161b-SWR1487-2019-03-04-0,3186,LKPR,LSZH,2019-03-04T14:19:40Z,2019-03-04T15:31:55Z,TRUE,28
4b161b-SWR1623-2019-03-04-0,2490,LIMC,LSZH,2019-03-04T18:41:44Z,2019-03-04T19:23:13Z,TRUE,28
4b161b-SWR199A-2019-03-04-0,3090,LSZH,LIMC,2019-03-04T16:35:57Z,2019-03-04T17:27:26Z,FALSE,NA
4b161b-SWR421-2019-03-04-0,2605,EGBB,LSZH,2019-03-04T09:03:02Z,2019-03-04T10:32:25Z,TRUE,28
4b161b-SWR42R-2019-03-04-0,2559,LSZH,EGBB,2019-03-04T06:09:24Z,2019-03-04T07:40:45Z,FALSE,NA
4b161c-SWR1326-2019-03-04-0,2202,LSZH,UUDD,2019-03-04T11:45:38Z,2019-03-04T14:40:21Z,FALSE,NA
4b161c-SWR1327-2019-03-04-0,2979,UUDD,LSZH,2019-03-04T15:53:45Z,2019-03-04T19:24:55Z,TRUE,28
4b161c-SWR736-2019-03-04-0,2785,LSZH,EHAM,2019-03-04T20:35:32Z,2019-03-04T21:58:10Z,FALSE,NA
4b161c-SWR786-2019-03-04-0,2545,LSZH,EBMB,2019-03-04T06:53:16Z,2019-03-04T07:56:56Z,FALSE,NA
4b161c-SWR78A-2019-03-04-0,3028,EBBR,LSZH,2019-03-04T09:28:04Z,2019-03-04T10:30:17Z,TRUE,28
4b161e-EDW399D-2019-03-04-0,2717,NA,LSZH,2019-03-04T12:01:45Z,2019-03-04T13:52:24Z,TRUE,14
4b161e-EDW63J-2019-03-04-0,3221,LSZH,NA,2019-03-04T08:42:47Z,2019-03-04T10:36:19Z,FALSE,NA
4b161e-SWR214C-2019-03-04-0,2746,NA,LSZH,2019-03-04T19:18:49Z,2019-03-04T20:57:28Z,TRUE,28
4b161e-SWR266U-2019-03-04-0,2468,LSZH,NA,2019-03-04T16:17:03Z,2019-03-04T17:56:10Z,FALSE,NA
4b161f-EDW104J-2019-03-04-0,3459,LSZH,NA,2019-03-04T12:08:33Z,2019-03-04T14:52:29Z,FALSE,NA
4b161f-EDW105X-2019-03-04-0,2356,NA,LSZH,2019-03-04T17:06:18Z,2019-03-04T19:44:29Z,TRUE,28
4b161f-EDW146Z-2019-03-04-0,2448,LSZH,BKPR,2019-03-04T05:51:55Z,2019-03-04T07:36:48Z,FALSE,NA
4b161f-EDW147G-2019-03-04-0,3307,BKPR,LSZH,2019-03-04T09:05:31Z,2019-03-04T11:07:28Z,TRUE,28
4b1620-EDW130-2019-03-04-0,2840,LSZH,NA,2019-03-04T11:49:40Z,2019-03-04T14:31:23Z,FALSE,NA
4b1620-EDW13E-2019-03-04-0,2553,NA,LSZH,2019-03-04T18:56:43Z,2019-03-04T21:55:59Z,TRUE,28
4b1620-EDW402-2019-03-04-0,2356,LSZH,BKPR,2019-03-04T05:55:15Z,2019-03-04T07:40:54Z,FALSE,NA
4b1620-EDW403-2019-03-04-0,3139,NA,LSZH,2019-03-04T09:22:10Z,2019-03-04T10:57:06Z,TRUE,28
4b168e-SWR1578-2019-03-04-0,1768,LSZH,LOWW,2019-03-04T12:31:48Z,2019-03-04T13:27:25Z,FALSE,NA
4b168e-SWR1579-2019-03-04-0,4332,LOWW,LSZH,2019-03-04T14:33:49Z,2019-03-04T16:11:55Z,TRUE,28
4b168e-SWR1585-2019-03-04-0,2933,LOWW,LSZH,2019-03-04T05:38:09Z,2019-03-04T06:54:22Z,TRUE,14
4b168e-SWR191N-2019-03-04-0,2340,LEBL,LSZH,2019-03-04T20:46:14Z,2019-03-04T22:02:32Z,TRUE,28
4b168e-SWR1956-2019-03-04-0,2387,LSZH,LEBL,2019-03-04T18:13:00Z,2019-03-04T19:45:48Z,FALSE,NA
4b168e-SWR50D-2019-03-04-0,2762,LSZH,NA,2019-03-04T07:57:03Z,2019-03-04T08:48:28Z,FALSE,NA
4b168e-SWR563-2019-03-04-0,4106,NA,LSZH,2019-03-04T10:05:12Z,2019-03-04T11:18:26Z,TRUE,28
4b168f-SWR106Y-2019-03-04-0,1847,LSZH,LGAV,2019-03-04T12:59:19Z,2019-03-04T15:13:14Z,FALSE,NA
4b168f-SWR145K-2019-03-04-0,3465,LGAV,LSZH,2019-03-04T16:24:51Z,2019-03-04T19:12:04Z,TRUE,28
4b168f-SWR184H-2019-03-04-0,2887,LGAV,LSZH,2019-03-04T04:46:46Z,2019-03-04T07:20:26Z,TRUE,14
4b168f-SWR51KJ-2019-03-04-0,2939,LSZH,LSGG,2019-03-04T08:52:21Z,2019-03-04T09:41:19Z,FALSE,NA
4b168f-SWR57PU-2019-03-04-0,2885,LSGG,LSZH,2019-03-04T10:48:25Z,2019-03-04T11:36:29Z,TRUE,28
4b1693-SWR129J-2019-03-04-0,2285,LSZH,LKPR,2019-03-04T06:35:05Z,2019-03-04T07:34:54Z,FALSE,NA
4b1693-SWR129L-2019-03-04-0,2494,LSZH,EKCH,2019-03-04T17:31:35Z,2019-03-04T19:11:36Z,FALSE,NA
4b1693-SWR1485-2019-03-04-0,3760,LKPR,LSZH,2019-03-04T09:14:54Z,2019-03-04T10:36:22Z,TRUE,28
4b1693-SWR154F-2019-03-04-0,2439,EKCH,LSZH,2019-03-04T20:11:19Z,2019-03-04T21:37:37Z,TRUE,28
4b1693-SWR173J-2019-03-04-0,2901,LSZH,LIRF,2019-03-04T12:03:06Z,2019-03-04T13:20:53Z,FALSE,NA
4b1693-SWR173Q-2019-03-04-0,2694,LIRF,LSZH,2019-03-04T14:37:18Z,2019-03-04T15:52:18Z,TRUE,28
4b1696-SWR152A-2019-03-04-0,2532,LOWW,LSZH,2019-03-04T19:34:05Z,2019-03-04T20:45:41Z,TRUE,28
4b1696-SWR158H-2019-03-04-0,2103,LSZH,LOWW,2019-03-04T17:22:32Z,2019-03-04T18:35:55Z,FALSE,NA
4b1696-SWR185N-2019-03-04-0,2519,LSZH,LGAV,2019-03-04T09:07:18Z,2019-03-04T11:27:55Z,FALSE,NA
4b1696-SWR257-2019-03-04-0,3225,LLBG,LSZH,2019-03-04T03:42:36Z,2019-03-04T07:50:56Z,TRUE,28
4b1696-SWR831R-2019-03-04-0,3100,LGAV,LSZH,2019-03-04T12:49:37Z,2019-03-04T15:24:29Z,TRUE,28
4b1697-SWR1324-2019-03-04-0,2376,LSZH,UUDD,2019-03-04T20:23:37Z,2019-03-04T23:10:30Z,FALSE,NA
4b1697-SWR299V-2019-03-04-0,2874,LSZH,LSZH,2019-03-04T12:16:38Z,2019-03-04T14:49:08Z,FALSE,NA
4b1697-SWR31J-2019-03-04-0,2672,LSZH,EGLL,2019-03-04T06:24:58Z,2019-03-04T08:05:53Z,FALSE,NA
4b1697-SWR32V-2019-03-04-0,2831,EGLL,LSZH,2019-03-04T09:23:23Z,2019-03-04T10:50:43Z,TRUE,28
4b1698-SWR124J-2019-03-04-0,2646,LSZH,LGAV,2019-03-04T20:39:42Z,2019-03-04T22:58:13Z,FALSE,NA
4b1698-SWR204M-2019-03-04-0,2947,LSZH,LPAR,2019-03-04T10:49:47Z,2019-03-04T13:42:25Z,FALSE,NA
4b1698-SWR208N-2019-03-04-0,3021,LPPT,LSZH,2019-03-04T14:52:26Z,2019-03-04T17:20:18Z,TRUE,28
4b1699-SWR131C-2019-03-04-0,2805,LSZH,LEBL,2019-03-04T11:30:02Z,2019-03-04T13:04:25Z,FALSE,NA
4b1699-SWR193P-2019-03-04-0,2671,LEBL,LSZH,2019-03-04T14:31:22Z,2019-03-04T15:56:15Z,TRUE,28
4b1699-SWR21JT-2019-03-04-0,2496,LSZH,LSGG,2019-03-04T17:27:31Z,2019-03-04T18:09:06Z,FALSE,NA
4b1699-SWR69KC-2019-03-04-0,2211,LSGG,LSZH,2019-03-04T19:45:22Z,2019-03-04T20:22:12Z,TRUE,28
4b1699-SWR72TL-2019-03-04-0,2603,LSGG,LSZH,2019-03-04T09:14:30Z,2019-03-04T09:57:52Z,TRUE,28
4b1699-SWR83GR-2019-03-04-0,2716,LSZH,LSGG,2019-03-04T06:34:10Z,2019-03-04T07:19:25Z,FALSE,NA
4b169a-SWR2111-2019-03-04-0,3067,LIMC,LSZH,2019-03-04T18:21:08Z,2019-03-04T19:12:14Z,TRUE,28
4b169a-SWR219J-2019-03-04-0,2971,LSZH,LEMG,2019-03-04T08:41:47Z,2019-03-04T11:22:49Z,FALSE,NA
4b169a-SWR345-2019-03-04-0,2868,EGLL,LSZH,2019-03-04T06:11:23Z,2019-03-04T07:34:29Z,TRUE,28
4b16b9-SWR104Q-2019-03-04-0,3149,EDDL,LSZH,2019-03-04T08:40:39Z,2019-03-04T09:48:01Z,TRUE,28
4b16b9-SWR108L-2019-03-04-0,2756,LSZH,EDDL,2019-03-04T06:25:10Z,2019-03-04T07:31:58Z,FALSE,NA
4b16ba-SWR102C-2019-03-04-0,2438,LSZH,EDDH,2019-03-04T06:21:56Z,2019-03-04T07:34:55Z,FALSE,NA
4b16ba-SWR105L-2019-03-04-0,3228,EDDH,LSZH,2019-03-04T09:15:38Z,2019-03-04T10:39:56Z,TRUE,28
4b16ba-SWR109W-2019-03-04-0,2974,EDDH,LSZH,2019-03-04T14:15:03Z,2019-03-04T15:33:42Z,TRUE,28
4b16ba-SWR154L-2019-03-04-0,2444,LSZH,EDDH,2019-03-04T11:39:48Z,2019-03-04T12:57:09Z,FALSE,NA
4b16ba-SWR24H-2019-03-04-0,2769,LSZH,EGLL,2019-03-04T20:47:04Z,2019-03-04T22:21:47Z,FALSE,NA
4b16ba-SWR54A-2019-03-04-0,2614,LSZH,NA,2019-03-04T16:33:36Z,2019-03-04T17:23:42Z,FALSE,NA
4b16ba-SWR55X-2019-03-04-0,3190,NA,LSZH,2019-03-04T18:43:01Z,2019-03-04T19:42:29Z,TRUE,28
4b16bd-SWR206P-2019-03-04-0,2218,LSZH,LSZH,2019-03-04T06:01:02Z,2019-03-04T06:37:59Z,TRUE,NA
4b16bd-SWR206P-2019-03-04-1,1740,LSZH,LHBP,2019-03-04T06:48:05Z,2019-03-04T07:54:21Z,FALSE,NA
4b16bd-SWR225Z-2019-03-04-0,3475,LHBP,LSZH,2019-03-04T09:04:01Z,2019-03-04T10:43:57Z,TRUE,28
4b16bd-SWR91J-2019-03-04-0,2542,LSZH,EDDT,2019-03-04T11:52:33Z,2019-03-04T13:03:58Z,FALSE,NA
4b16bd-SWR96C-2019-03-04-0,2734,EDDT,LSZH,2019-03-04T14:25:00Z,2019-03-04T15:37:52Z,TRUE,28
4b16bd-SWR982-2019-03-04-0,2432,LSZH,EDDT,2019-03-04T16:47:30Z,2019-03-04T18:04:45Z,FALSE,NA
4b16bd-SWR983-2019-03-04-0,2563,EDDT,LSZH,2019-03-04T18:58:41Z,2019-03-04T20:07:21Z,TRUE,28
4b17df-SWR127N-2019-03-04-0,2091,LSZH,LIRQ,2019-03-04T12:19:47Z,2019-03-04T13:08:27Z,FALSE,NA
4b17df-SWR167U-2019-03-04-0,4267,LIRQ,LSZH,2019-03-04T14:04:51Z,2019-03-04T15:24:29Z,TRUE,28
4b17df-SWR2031-2019-03-04-0,2053,LEMD,LSZH,2019-03-04T05:08:57Z,2019-03-04T06:50:55Z,TRUE,14
4b17df-SWR424-2019-03-04-0,2641,LSZH,EGBE,2019-03-04T16:20:33Z,2019-03-04T17:54:51Z,FALSE,NA
4b17df-SWR425-2019-03-04-0,2238,EGBB,LSZH,2019-03-04T18:54:15Z,2019-03-04T20:17:24Z,TRUE,28
4b17df-SWR74U-2019-03-04-0,2828,ELLX,LSZH,2019-03-04T10:07:30Z,2019-03-04T10:54:37Z,TRUE,28
4b17df-SWR750-2019-03-04-0,2511,LSZH,ELLX,2019-03-04T08:06:31Z,2019-03-04T08:48:21Z,FALSE,NA
4b17df-SWR80KJ-2019-03-04-0,2112,LSZH,LSGG,2019-03-04T21:54:35Z,2019-03-04T22:29:46Z,FALSE,NA
4b17e3-SWR26H-2019-03-04-0,2623,LSZH,EGLL,2019-03-04T17:56:05Z,2019-03-04T19:32:18Z,FALSE,NA
4b17e3-SWR339-2019-03-04-0,2419,EGLL,LSZH,2019-03-04T20:49:21Z,2019-03-04T22:05:21Z,TRUE,28
4b17e3-SWR48TP-2019-03-04-0,2590,LSGG,LSZH,2019-03-04T15:26:36Z,2019-03-04T16:09:45Z,TRUE,28
4b17e4-SWR119N-2019-03-04-0,2047,LSZH,LIRQ,2019-03-04T16:30:37Z,2019-03-04T17:16:23Z,FALSE,NA
4b17e4-SWR168Y-2019-03-04-0,3217,LIRQ,LSZH,2019-03-04T18:19:18Z,2019-03-04T19:21:29Z,TRUE,28
4b17e4-SWR450-2019-03-04-0,2670,LSZH,EGLC,2019-03-04T05:51:59Z,2019-03-04T07:25:41Z,FALSE,NA
4b17e4-SWR61D-2019-03-04-0,2324,LSZH,LFPG,2019-03-04T12:02:39Z,2019-03-04T12:57:50Z,FALSE,NA
4b17e4-SWR63M-2019-03-04-0,2826,LFPG,LSZH,2019-03-04T14:16:03Z,2019-03-04T15:14:49Z,TRUE,28
4b17e4-SWR68L-2019-03-04-0,2723,EGLC,LSZH,2019-03-04T08:23:16Z,2019-03-04T09:41:59Z,TRUE,28
4b17e4-SWR818-2019-03-04-0,2736,LSZH,EDDV,2019-03-04T20:02:34Z,2019-03-04T21:11:39Z,FALSE,NA
4b17e5-SWR47A-2019-03-04-0,2338,EGLC,LSZH,2019-03-04T18:44:12Z,2019-03-04T19:55:44Z,TRUE,28
4b17e5-SWR49B-2019-03-04-0,2339,LSZH,EGLC,2019-03-04T16:22:37Z,2019-03-04T17:54:16Z,FALSE,NA
4b17e5-SWR819-2019-03-04-0,2502,EDDV,LSZH,2019-03-04T06:07:23Z,2019-03-04T07:10:27Z,TRUE,14
4b17e5-SWR964-2019-03-04-0,2617,LSZH,EDDT,2019-03-04T09:42:05Z,2019-03-04T11:02:52Z,FALSE,NA
4b17e5-SWR965-2019-03-04-0,2802,EDDT,LSZH,2019-03-04T12:13:30Z,2019-03-04T13:31:28Z,TRUE,14
4b17f9-SWR118P-2019-03-04-0,2407,EDDM,LSZH,2019-03-04T20:20:10Z,2019-03-04T21:00:16Z,TRUE,28
4b17f9-SWR131X-2019-03-04-0,2899,LSZH,EDDM,2019-03-04T18:23:31Z,2019-03-04T19:11:49Z,FALSE,NA
4b17f9-SWR137H-2019-03-04-0,2290,LSZH,NA,2019-03-04T11:30:33Z,2019-03-04T12:40:42Z,FALSE,NA
4b17f9-SWR146F-2019-03-04-0,2728,NA,LSZH,2019-03-04T14:46:13Z,2019-03-04T16:15:52Z,TRUE,28
4b17f9-SWR81C-2019-03-04-0,3182,EDDV,LSZH,2019-03-04T09:11:51Z,2019-03-04T10:26:29Z,TRUE,28
4b17f9-SWR88Q-2019-03-04-0,2592,LSZH,EDDV,2019-03-04T06:40:46Z,2019-03-04T07:43:34Z,FALSE,NA
4b17fb-SWR201Z-2019-03-04-0,2228,LEMD,LSZH,2019-03-04T19:28:24Z,2019-03-04T21:10:05Z,TRUE,28
4b17fb-SWR203B-2019-03-04-0,2638,LSZH,LEMD,2019-03-04T15:58:38Z,2019-03-04T18:18:55Z,FALSE,NA
4b17fb-SWR98H-2019-03-04-0,3759,EDDT,LSZH,2019-03-04T10:21:43Z,2019-03-04T11:58:46Z,TRUE,28
4b17fb-SWR99G-2019-03-04-0,2337,LSZH,EDDT,2019-03-04T06:31:00Z,2019-03-04T07:39:55Z,FALSE,NA
4b17fc-SWR109R-2019-03-04-0,2602,EDDL,LSZH,2019-03-04T05:49:39Z,2019-03-04T06:44:48Z,TRUE,14
4b17fc-SWR117G-2019-03-04-0,1903,LSZH,EDDS,2019-03-04T21:43:44Z,2019-03-04T22:15:26Z,FALSE,NA
4b17fc-SWR159Q-2019-03-04-0,2483,LSZH,NA,2019-03-04T17:31:37Z,2019-03-04T18:12:59Z,FALSE,NA
4b17fc-SWR1665-2019-03-04-0,2711,LIPZ,LSZH,2019-03-04T19:16:05Z,2019-03-04T20:03:38Z,TRUE,28
4b17fc-SWR203L-2019-03-04-0,2318,LSZH,LHBP,2019-03-04T12:37:00Z,2019-03-04T13:52:19Z,FALSE,NA
4b17fc-SWR285K-2019-03-04-0,3101,LHBP,LSZH,2019-03-04T14:56:14Z,2019-03-04T16:30:28Z,TRUE,28
4b17fc-SWR900-2019-03-04-0,1894,LSZH,EDDP,2019-03-04T07:44:03Z,2019-03-04T08:34:58Z,FALSE,NA
4b17fc-SWR901-2019-03-04-0,3519,EDDP,LSZH,2019-03-04T10:01:07Z,2019-03-04T11:16:50Z,TRUE,28
4b17fd-SWR101A-2019-03-04-0,2077,LSZH,EDDL,2019-03-04T12:09:13Z,2019-03-04T13:03:13Z,FALSE,NA
4b17fd-SWR108Z-2019-03-04-0,2989,EDDL,LSZH,2019-03-04T14:08:34Z,2019-03-04T15:09:58Z,TRUE,28
4b17fd-SWR134X-2019-03-04-0,2938,EPWA,LSZH,2019-03-04T09:05:09Z,2019-03-04T10:58:28Z,TRUE,28
4b17fd-SWR135K-2019-03-04-0,1836,LSZH,EPWA,2019-03-04T06:26:15Z,2019-03-04T07:51:08Z,FALSE,NA
4b17fd-SWR31V-2019-03-04-0,2405,LSZH,EGCC,2019-03-04T16:53:01Z,2019-03-04T18:36:59Z,FALSE,NA
4b17fd-SWR381-2019-03-04-0,2419,EGCC,LSZH,2019-03-04T19:39:33Z,2019-03-04T21:13:59Z,TRUE,28
4b17fd-SWR381-2019-03-04-1,1403,LSZH,LSZH,2019-03-04T21:34:05Z,2019-03-04T21:57:27Z,TRUE,NA
4b17fd-SWR381-2019-03-04-2,858,LSZH,LSZH,2019-03-04T22:08:42Z,2019-03-04T22:22:59Z,TRUE,NA
4b17fd-SWR381-2019-03-04-3,1373,LSZH,LSZH,2019-03-04T22:35:33Z,2019-03-04T22:58:25Z,TRUE,NA
4b17fd-SWR381-2019-03-04-4,1417,LSZH,LSZH,2019-03-04T23:21:38Z,2019-03-04T23:45:14Z,TRUE,NA
4b17ff-SWR126D-2019-03-04-0,2911,ESGG,LSZH,2019-03-04T14:15:09Z,2019-03-04T16:07:22Z,TRUE,28
4b17ff-SWR136Y-2019-03-04-0,2246,LSZH,ESGG,2019-03-04T11:19:38Z,2019-03-04T13:00:55Z,FALSE,NA
4b17ff-SWR1512-2019-03-04-0,2412,LSZH,LOWG,2019-03-04T17:07:18Z,2019-03-04T18:06:11Z,FALSE,NA
4b17ff-SWR159E-2019-03-04-0,2413,LOWG,LSZH,2019-03-04T18:57:35Z,2019-03-04T19:58:03Z,TRUE,28
4b17ff-SWR95Y-2019-03-04-0,2217,LSZH,EDDT,2019-03-04T05:23:27Z,2019-03-04T06:34:37Z,FALSE,NA
4b17ff-SWR961-2019-03-04-0,2965,EDDT,LSZH,2019-03-04T07:33:40Z,2019-03-04T08:55:58Z,TRUE,28
4b1800-SWR1059-2019-03-04-0,3058,EDDH,LSZH,2019-03-04T18:19:57Z,2019-03-04T19:38:23Z,TRUE,28
4b1800-SWR121E-2019-03-04-0,2664,ENGM,LSZH,2019-03-04T12:46:35Z,2019-03-04T14:54:54Z,TRUE,28
4b1800-SWR127H-2019-03-04-0,1951,LSZH,ENKJ,2019-03-04T09:05:31Z,2019-03-04T10:54:45Z,FALSE,NA
4b1800-SWR197B-2019-03-04-0,2368,LSZH,EDDH,2019-03-04T15:59:01Z,2019-03-04T17:14:57Z,FALSE,NA
4b1800-SWR64D-2019-03-04-0,2736,LFPG,LSZH,2019-03-04T06:44:38Z,2019-03-04T07:42:41Z,TRUE,28
4b1800-SWR770-2019-03-04-0,2882,LSZH,EBMB,2019-03-04T20:37:41Z,2019-03-04T21:43:12Z,FALSE,NA
4b1802-SWR117R-2019-03-04-0,1502,EDDS,LSZH,2019-03-04T05:06:54Z,2019-03-04T05:31:55Z,TRUE,14
4b1802-SWR137Y-2019-03-04-0,2305,LSZH,EPWR,2019-03-04T06:37:39Z,2019-03-04T07:56:28Z,FALSE,NA
4b1802-SWR138M-2019-03-04-0,3201,EPWR,LSZH,2019-03-04T08:54:05Z,2019-03-04T10:35:59Z,TRUE,28
4b1802-SWR202A-2019-03-04-0,2507,LEMD,LSZH,2019-03-04T15:22:42Z,2019-03-04T17:09:20Z,TRUE,28
4b1802-SWR206K-2019-03-04-0,2707,LSZH,LEMD,2019-03-04T11:44:35Z,2019-03-04T14:05:57Z,FALSE,NA
4b1802-SWR63J-2019-03-04-0,2283,LFPG,LSZH,2019-03-04T20:16:57Z,2019-03-04T21:08:47Z,TRUE,28
4b1802-SWR64C-2019-03-04-0,2541,LSZH,LFPG,2019-03-04T18:10:42Z,2019-03-04T19:12:35Z,FALSE,NA
4b1803-SWR109H-2019-03-04-0,2393,LSZH,EDDL,2019-03-04T20:23:00Z,2019-03-04T21:20:00Z,FALSE,NA
4b1803-SWR33K-2019-03-04-0,2148,LSZH,EGCC,2019-03-04T06:11:03Z,2019-03-04T08:05:28Z,FALSE,NA
4b1803-SWR391-2019-03-04-0,2017,EDDS,LSZH,2019-03-04T14:42:52Z,2019-03-04T15:16:28Z,TRUE,28
4b1803-SWR60W-2019-03-04-0,3012,LSZH,LFPG,2019-03-04T16:14:22Z,2019-03-04T17:21:53Z,FALSE,NA
4b1803-SWR657-2019-03-04-0,2455,LFPG,LSZH,2019-03-04T18:22:22Z,2019-03-04T19:15:52Z,TRUE,28
4b1804-SWR195N-2019-03-04-0,3120,LEBL,LSZH,2019-03-04T10:20:23Z,2019-03-04T11:54:51Z,TRUE,28
4b1804-SWR198F-2019-03-04-0,2814,LSZH,LEBL,2019-03-04T07:34:35Z,2019-03-04T09:09:27Z,FALSE,NA
4b1804-SWR646-2019-03-04-0,3042,LSZH,LFPG,2019-03-04T19:58:43Z,2019-03-04T21:07:12Z,FALSE,NA
4b1804-SWR96G-2019-03-04-0,2670,EDDT,LSZH,2019-03-04T16:29:10Z,2019-03-04T17:43:27Z,TRUE,28
4b1804-SWR980-2019-03-04-0,1870,LSZH,EDDT,2019-03-04T14:13:51Z,2019-03-04T15:15:56Z,FALSE,NA
4b1805-SWR58PQ-2019-03-04-0,2628,LSZH,LSGG,2019-03-04T11:26:37Z,2019-03-04T12:10:24Z,FALSE,NA
4b1806-SWR115Z-2019-03-04-0,2709,LSZH,LKPR,2019-03-04T17:09:37Z,2019-03-04T18:16:48Z,FALSE,NA
4b1806-SWR125B-2019-03-04-0,1850,LSZH,EKCH,2019-03-04T11:44:31Z,2019-03-04T13:02:19Z,FALSE,NA
4b1806-SWR127J-2019-03-04-0,3026,EKCH,LSZH,2019-03-04T14:34:42Z,2019-03-04T16:13:56Z,TRUE,28
4b1806-SWR133B-2019-03-04-0,2605,LKPR,LSZH,2019-03-04T19:11:07Z,2019-03-04T20:11:12Z,TRUE,28
4b1806-SWR135T-2019-03-04-0,2863,EPKK,LSZH,2019-03-04T09:07:09Z,2019-03-04T10:43:27Z,TRUE,28
4b1806-SWR156M-2019-03-04-0,2555,LSZH,EPKK,2019-03-04T06:11:07Z,2019-03-04T07:38:19Z,FALSE,NA
4b1807-SWR102G-2019-03-04-0,2878,EDDL,LSZH,2019-03-04T18:05:36Z,2019-03-04T19:04:43Z,TRUE,28
4b1807-SWR103R-2019-03-04-0,2367,LSZH,EDDL,2019-03-04T16:07:07Z,2019-03-04T17:05:10Z,FALSE,NA
4b1807-SWR152J-2019-03-04-0,3153,LOWW,LSZH,2019-03-04T10:15:00Z,2019-03-04T11:32:56Z,TRUE,28
4b1807-SWR1576-2019-03-04-0,2416,LSZH,LOWW,2019-03-04T08:08:30Z,2019-03-04T09:14:59Z,FALSE,NA
4b1807-SWR2030-2019-03-04-0,2919,LSZH,LEMD,2019-03-04T20:07:41Z,2019-03-04T22:32:04Z,FALSE,NA
4b1807-SWR771-2019-03-04-0,2453,EBBR,LSZH,2019-03-04T06:23:17Z,2019-03-04T07:16:22Z,TRUE,14
4b1809-SWR133U-2019-03-04-0,2598,LSZH,EPWA,2019-03-04T17:01:35Z,2019-03-04T18:43:17Z,FALSE,NA
4b1809-SWR1353-2019-03-04-0,2548,EPWA,LSZH,2019-03-04T19:51:11Z,2019-03-04T21:33:02Z,TRUE,28
4b1809-SWR202D-2019-03-04-0,2542,LSZH,LEMD,2019-03-04T06:09:41Z,2019-03-04T08:36:20Z,FALSE,NA
4b1809-SWR287A-2019-03-04-0,2810,LEMD,LSZH,2019-03-04T09:33:00Z,2019-03-04T11:24:59Z,TRUE,28
4b1809-SWR78W-2019-03-04-0,2780,EBMB,LSZH,2019-03-04T15:02:36Z,2019-03-04T16:00:53Z,TRUE,28
4b1809-SWR79N-2019-03-04-0,2284,LSZH,EBMB,2019-03-04T13:00:57Z,2019-03-04T13:56:29Z,FALSE,NA
4b180a-SWR136L-2019-03-04-0,2944,EPWA,LSZH,2019-03-04T14:12:12Z,2019-03-04T16:03:29Z,TRUE,28
4b180a-SWR139K-2019-03-04-0,1813,LSZH,EPWA,2019-03-04T11:57:07Z,2019-03-04T13:19:24Z,FALSE,NA
4b180a-SWR183B-2019-03-04-0,3025,LSZH,LIPU,2019-03-04T06:47:34Z,2019-03-04T07:37:58Z,FALSE,NA
4b180a-SWR194Z-2019-03-04-0,3573,LIPZ,LSZH,2019-03-04T09:17:19Z,2019-03-04T10:19:15Z,TRUE,28
4b180a-SWR44KX-2019-03-04-0,2273,LSGG,LSZH,2019-03-04T05:10:51Z,2019-03-04T05:48:43Z,TRUE,14
4b180a-SWR55U-2019-03-04-0,2269,LSZH,LFBD,2019-03-04T17:06:34Z,2019-03-04T18:30:58Z,FALSE,NA
4b180a-SWR57R-2019-03-04-0,2278,LFBD,LSZH,2019-03-04T19:13:05Z,2019-03-04T20:25:31Z,TRUE,28
4b187a-SWR14E-2019-03-04-0,3073,LSZH,KJFK,2019-03-04T12:10:03Z,2019-03-04T14:47:08Z,FALSE,NA
4b187a-SWR15X-2019-03-04-0,3026,KJFK,LSZH,2019-03-04T07:57:09Z,2019-03-04T10:12:28Z,TRUE,28
4b187b-SWR18-2019-03-04-0,2800,LSZH,KLDJ,2019-03-04T16:22:59Z,2019-03-04T18:49:58Z,FALSE,NA
4b187b-SWR19R-2019-03-04-0,2128,KEWR,LSZH,2019-03-04T11:01:14Z,2019-03-04T13:01:50Z,TRUE,14
4b187c-SWR8T-2019-03-04-0,3082,LSZH,KORD,2019-03-04T12:36:42Z,2019-03-04T14:59:59Z,FALSE,NA
4b187c-SWR9K-2019-03-04-0,2593,KORD,LSZH,2019-03-04T07:22:58Z,2019-03-04T09:31:45Z,TRUE,28
4b187e-SWR294-2019-03-04-0,2534,NA,LSZH,2019-03-04T02:26:48Z,2019-03-04T05:23:14Z,TRUE,14
4b187e-SWR296-2019-03-04-0,3100,LSZH,NA,2019-03-04T09:16:24Z,2019-03-04T11:58:58Z,FALSE,NA
4b187f-SWR154-2019-03-04-0,2117,LSZH,VABB,2019-03-04T08:50:07Z,2019-03-04T11:30:19Z,FALSE,NA
4b187f-SWR155-2019-03-04-0,2771,NA,LSZH,2019-03-04T02:11:12Z,2019-03-04T05:02:58Z,TRUE,14
4b1880-SWR16F-2019-03-04-0,3004,LSZH,KJFK,2019-03-04T08:57:32Z,2019-03-04T11:43:26Z,FALSE,NA
4b1880-SWR67R-2019-03-04-0,1864,KMIA,LSZH,2019-03-04T05:09:25Z,2019-03-04T06:28:22Z,TRUE,14
4b1881-SWR243-2019-03-04-0,2544,OMDB,LSZH,2019-03-04T02:27:05Z,2019-03-04T05:21:22Z,TRUE,14
4b1881-SWR66R-2019-03-04-0,3074,LSZH,KMIA,2019-03-04T09:19:38Z,2019-03-04T11:59:59Z,FALSE,NA
4b1882-SWR197-2019-03-04-0,2898,NA,LSZH,2019-03-04T05:33:27Z,2019-03-04T09:26:52Z,TRUE,28
4b1882-SWR64-2019-03-04-0,3594,LSZH,KMIA,2019-03-04T12:18:37Z,2019-03-04T14:46:05Z,FALSE,NA
4b1883-SWR147-2019-03-04-0,2501,VIDP,LSZH,2019-03-04T05:42:14Z,2019-03-04T08:35:23Z,TRUE,28
4b1883-SWR242-2019-03-04-0,2583,LSZH,OMDB,2019-03-04T11:34:19Z,2019-03-04T14:24:24Z,FALSE,NA
4b1884-SWR17P-2019-03-04-0,2021,KJFK,LSZH,2019-03-04T05:01:59Z,2019-03-04T06:38:26Z,TRUE,14
4b1884-SWR252-2019-03-04-0,2132,LSZH,LLBG,2019-03-04T09:09:45Z,2019-03-04T12:38:59Z,FALSE,NA
4b1884-SWR253-2019-03-04-0,2609,LL59,LSZH,2019-03-04T14:23:01Z,2019-03-04T18:17:28Z,TRUE,28
4b1884-SWR256-2019-03-04-0,2306,LSZH,LLBG,2019-03-04T21:59:55Z,2019-03-04T23:59:59Z,FALSE,NA
4b1886-SWR87-2019-03-04-0,2108,CYUL,LSZH,2019-03-04T03:03:06Z,2019-03-04T05:06:47Z,TRUE,14
4b1887-SWR146-2019-03-04-0,2500,LSZH,VIDP,2019-03-04T11:41:33Z,2019-03-04T14:28:51Z,FALSE,NA
4b1887-SWR65-2019-03-04-0,3703,KMIA,LSZH,2019-03-04T08:16:38Z,2019-03-04T10:03:52Z,TRUE,28
4b188a-EDW32-2019-03-04-0,3315,LSZH,NA,2019-03-04T11:56:08Z,2019-03-04T14:46:31Z,FALSE,NA
4b188b-EDW34N-2019-03-04-0,3324,LSZH,NA,2019-03-04T12:37:50Z,2019-03-04T15:12:11Z,FALSE,NA
4b188b-EDW5L-2019-03-04-0,3159,KTPA,LSZH,2019-03-04T08:32:26Z,2019-03-04T10:19:22Z,TRUE,28
4b18b8-EDW15T-2019-03-04-0,2565,LSZH,NA,2019-03-04T08:21:02Z,2019-03-04T11:00:27Z,FALSE,NA
4b18b8-EDW51C-2019-03-04-0,3312,NA,LSZH,2019-03-04T15:39:16Z,2019-03-04T18:54:58Z,TRUE,28
4b18b8-SWR238-2019-03-04-0,2185,LSZH,NA,2019-03-04T20:56:28Z,2019-03-04T23:34:52Z,FALSE,NA
4b18b9-EDW214-2019-03-04-0,2786,LSZH,LSZH,2019-03-04T11:26:43Z,2019-03-04T14:29:48Z,FALSE,NA
4b18b9-SWR139U-2019-03-04-0,2846,LIMC,LSZH,2019-03-04T09:19:01Z,2019-03-04T10:06:26Z,TRUE,28
4b18b9-SWR612Q-2019-03-04-0,2375,LSZH,LIMC,2019-03-04T06:46:19Z,2019-03-04T07:25:53Z,FALSE,NA
4b18ba-EDW200-2019-03-04-0,3031,LSZH,NA,2019-03-04T09:00:58Z,2019-03-04T13:07:27Z,FALSE,NA
4b18ba-EDW201-2019-03-04-0,2415,NA,LSZH,2019-03-04T15:50:08Z,2019-03-04T18:28:21Z,TRUE,28
4b18f1-SWR1310-2019-03-04-0,2622,LSZH,ULLI,2019-03-04T08:24:03Z,2019-03-04T11:08:06Z,FALSE,NA
4b18f1-SWR1311-2019-03-04-0,3732,ULLI,LSZH,2019-03-04T12:33:14Z,2019-03-04T15:58:24Z,TRUE,28
4b18f1-SWR70T-2019-03-04-0,2234,EHAM,LSZH,2019-03-04T19:33:41Z,2019-03-04T20:33:07Z,TRUE,28
4b18f1-SWR734-2019-03-04-0,3101,LSZH,EHAM,2019-03-04T16:55:05Z,2019-03-04T18:24:17Z,FALSE,NA
4b18f1-SWR963-2019-03-04-0,2843,EDDT,LSZH,2019-03-04T06:00:36Z,2019-03-04T07:18:27Z,TRUE,14
4b18f3-SWR1726-2019-03-04-0,2597,LSZH,LIRF,2019-03-04T06:17:13Z,2019-03-04T07:31:44Z,FALSE,NA
4b18f3-SWR1732-2019-03-04-0,2572,LSZH,LIRF,2019-03-04T16:52:02Z,2019-03-04T18:03:25Z,FALSE,NA
4b18f3-SWR174B-2019-03-04-0,3011,LIRF,LSZH,2019-03-04T08:58:54Z,2019-03-04T10:19:25Z,TRUE,28
4b18f3-SWR194G-2019-03-04-0,2369,LIRF,LSZH,2019-03-04T19:20:06Z,2019-03-04T20:31:02Z,TRUE,28
4b18f3-SWR30K-2019-03-04-0,2622,EGLL,LSZH,2019-03-04T14:01:44Z,2019-03-04T15:25:48Z,TRUE,28
4b18f3-SWR43R-2019-03-04-0,2670,LSZH,EGLL,2019-03-04T11:13:08Z,2019-03-04T12:54:16Z,FALSE,NA
4b18f4-SWR5184-2019-03-04-0,2565,LSZH,EGSH,2019-03-04T08:13:39Z,2019-03-04T09:39:03Z,FALSE,NA
4b18f4-SWR71H-2019-03-04-0,3287,EHAM,LSZH,2019-03-04T06:16:45Z,2019-03-04T07:35:21Z,TRUE,28
4b18f5-SWR239-2019-03-04-0,2424,NA,LSZH,2019-03-04T03:07:18Z,2019-03-04T05:59:18Z,TRUE,14
4b18f5-SWR327-2019-03-04-0,2200,EGLL,LSZH,2019-03-04T19:10:20Z,2019-03-04T20:23:00Z,TRUE,28
4b18f5-SWR36A-2019-03-04-0,2850,LSZH,EGLL,2019-03-04T16:34:31Z,2019-03-04T18:11:51Z,FALSE,NA
4b18f5-SWR724-2019-03-04-0,2893,LSZH,EHAM,2019-03-04T08:21:12Z,2019-03-04T09:53:57Z,FALSE,NA
4b18f5-SWR729-2019-03-04-0,2830,EHAM,LSZH,2019-03-04T14:10:14Z,2019-03-04T15:20:21Z,TRUE,28
4b18fc-SWR189-2019-03-04-0,2464,NA,LSZH,2019-03-04T11:16:45Z,2019-03-04T14:19:56Z,TRUE,14
4b18fc-SWR288-2019-03-04-0,2324,LSZH,FABB,2019-03-04T21:50:24Z,2019-03-04T23:12:57Z,FALSE,NA
4b18fd-SWR161-2019-03-04-0,2387,RJAK,LSZH,2019-03-04T10:55:32Z,2019-03-04T13:57:26Z,TRUE,14
4b18fd-SWR52-2019-03-04-0,3034,LSZH,KBOS,2019-03-04T16:36:46Z,2019-03-04T19:14:24Z,FALSE,NA
4b18fe-SWR188-2019-03-04-0,2288,LSZH,NA,2019-03-04T12:05:12Z,2019-03-04T14:43:47Z,FALSE,NA
4b18fe-SWR289-2019-03-04-0,2097,FABA,LSZH,2019-03-04T03:54:42Z,2019-03-04T05:10:56Z,TRUE,14
4b18ff-EDW51-2019-03-04-0,3555,LSZH,LSZH,2019-03-04T12:02:22Z,2019-03-04T15:11:59Z,TRUE,28
4b18ff-EDW84-2019-03-04-0,3043,LSZH,NA,2019-03-04T17:39:12Z,2019-03-04T19:09:29Z,FALSE,NA
4b1900-EDW60B-2019-03-04-0,2868,LSZH,NA,2019-03-04T12:05:44Z,2019-03-04T14:42:34Z,FALSE,NA
4b1900-EDW75-2019-03-04-0,3166,NA,LSZH,2019-03-04T04:45:10Z,2019-03-04T07:46:20Z,TRUE,28
4b1902-EDW24-2019-03-04-0,3352,LSZH,NA,2019-03-04T16:43:53Z,2019-03-04T19:35:16Z,FALSE,NA
4b1904-SWR160-2019-03-04-0,2899,LSZH,NA,2019-03-04T12:14:54Z,2019-03-04T14:59:59Z,FALSE,NA
4b1904-SWR53T-2019-03-04-0,2393,KBOS,LSZH,2019-03-04T07:51:04Z,2019-03-04T09:52:58Z,TRUE,28
4b1916-SWR176-2019-03-04-0,2289,LSZH,WIDD,2019-03-04T21:51:59Z,2019-03-04T23:59:59Z,FALSE,NA
4b1916-SWR39-2019-03-04-0,3240,KSFO,LSZH,2019-03-04T12:36:40Z,2019-03-04T14:51:58Z,TRUE,28
4b1917-SWR139-2019-03-04-0,2778,VHHH,LSZH,2019-03-04T03:14:07Z,2019-03-04T05:09:29Z,TRUE,14
4b1917-SWR180-2019-03-04-0,2382,LSZH,NA,2019-03-04T17:24:26Z,2019-03-04T19:59:59Z,FALSE,NA
4b1918-SWR177-2019-03-04-0,2573,NA,LSZH,2019-03-04T03:07:25Z,2019-03-04T05:53:57Z,TRUE,14
4b1918-SWR40-2019-03-04-0,3176,LSZH,KHHR,2019-03-04T12:35:14Z,2019-03-04T14:59:37Z,FALSE,NA
4b191c-SWR38-2019-03-04-0,2912,LSZH,KSFO,2019-03-04T12:41:21Z,2019-03-04T14:59:59Z,FALSE,NA
4b191c-SWR93-2019-03-04-0,2591,SBGR,LSZH,2019-03-04T07:34:01Z,2019-03-04T09:21:54Z,TRUE,28
4b191e-SWR181-2019-03-04-0,2457,NA,LSZH,2019-03-04T15:36:32Z,2019-03-04T18:25:55Z,TRUE,28
4b191e-SWR92-2019-03-04-0,2597,LSZH,SBGR,2019-03-04T21:55:27Z,2019-03-04T23:52:53Z,FALSE,NA
4b191f-SWR138-2019-03-04-0,2221,LSZH,VHHH,2019-03-04T21:57:17Z,2019-03-04T23:59:59Z,FALSE,NA
4b191f-SWR41-2019-03-04-0,1899,KLAX,LSZH,2019-03-04T11:48:18Z,2019-03-04T13:41:24Z,TRUE,14
4b1936-GSW6042-2019-03-04-0,2066,LSZH,BKPR,2019-03-04T07:29:41Z,2019-03-04T09:08:37Z,FALSE,NA
4b1936-GSW6043-2019-03-04-0,3007,NA,LSZH,2019-03-04T16:59:14Z,2019-03-04T18:58:41Z,TRUE,28
4b1937-GSW3018-2019-03-04-0,2175,LSZH,LWSK,2019-03-04T15:24:49Z,2019-03-04T17:08:22Z,FALSE,NA
4b1937-GSW3019-2019-03-04-0,2713,LWSK,LSZH,2019-03-04T18:10:14Z,2019-03-04T20:13:16Z,TRUE,28
4b1938-GSW3403-2019-03-04-0,2622,OLBA,LSZH,2019-03-04T01:24:31Z,2019-03-04T05:15:16Z,TRUE,14
4b19a2-HBJSK-2019-03-04-0,2503,LSZH,EDDF,2019-03-04T16:15:58Z,2019-03-04T16:57:40Z,FALSE,NA
4b19a4-HBJSM-2019-03-04-0,2338,LSZH,EGLC,2019-03-04T17:59:18Z,2019-03-04T19:37:25Z,FALSE,NA
4b19ab-CAZ801-2019-03-04-0,1943,LSZH,EGLC,2019-03-04T06:37:56Z,2019-03-04T07:53:44Z,FALSE,NA
4b19ab-CAZ802-2019-03-04-0,2329,EGLC,LSZH,2019-03-04T19:25:22Z,2019-03-04T20:36:00Z,TRUE,28
4b19eb-SWR1072-2019-03-04-0,2760,LSZH,EDDF,2019-03-04T11:40:54Z,2019-03-04T12:26:53Z,FALSE,NA
4b19eb-SWR73N-2019-03-04-0,2379,EDDF,LSZH,2019-03-04T13:21:32Z,2019-03-04T14:01:10Z,TRUE,16
4b19f1-SWR100F-2019-03-04-0,2869,NA,LSZH,2019-03-04T13:31:01Z,2019-03-04T14:18:49Z,TRUE,14
4b19f1-SWR110Z-2019-03-04-0,2143,LSZH,EDDM,2019-03-04T06:29:14Z,2019-03-04T07:04:56Z,FALSE,NA
4b19f1-SWR113Y-2019-03-04-0,2324,EDDM,LSZH,2019-03-04T08:45:30Z,2019-03-04T09:24:14Z,TRUE,28
4b19f1-SWR192T-2019-03-04-0,2556,LSZH,LIMC,2019-03-04T11:53:40Z,2019-03-04T12:36:15Z,FALSE,NA
4b19f1-SWR43K-2019-03-04-0,2751,EGLC,LSZH,2019-03-04T17:30:03Z,2019-03-04T18:50:49Z,TRUE,28
4b19f1-SWR45U-2019-03-04-0,2812,LSZH,EGLC,2019-03-04T15:05:32Z,2019-03-04T16:39:55Z,FALSE,NA
4b19f2-SWR112M-2019-03-04-0,2244,LSZH,EDDN,2019-03-04T08:01:03Z,2019-03-04T08:38:26Z,FALSE,NA
4b19f2-SWR113T-2019-03-04-0,3051,LSZH,EDDN,2019-03-04T16:29:05Z,2019-03-04T17:19:55Z,FALSE,NA
4b19f2-SWR1189-2019-03-04-0,3414,EDDN,LSZH,2019-03-04T09:41:02Z,2019-03-04T10:37:55Z,TRUE,28
4b19f2-SWR1193-2019-03-04-0,2924,EDDN,LSZH,2019-03-04T18:17:46Z,2019-03-04T19:06:29Z,TRUE,28
4b19f2-SWR1197-2019-03-04-0,2528,EDDN,LSZH,2019-03-04T06:05:40Z,2019-03-04T06:47:47Z,TRUE,14
4b19f2-SWR134A-2019-03-04-0,4692,LSZH,LIMC,2019-03-04T19:51:32Z,2019-03-04T21:09:43Z,FALSE,NA
4b19f2-SWR569-2019-03-04-0,3685,NA,LSZH,2019-03-04T14:34:46Z,2019-03-04T15:41:59Z,TRUE,28
4b19f2-SWR59R-2019-03-04-0,2289,LSZH,NA,2019-03-04T12:37:48Z,2019-03-04T13:23:56Z,FALSE,NA
4b19f3-SWR1109-2019-03-04-0,2167,EDDM,LSZH,2019-03-04T16:15:12Z,2019-03-04T16:51:18Z,TRUE,28
4b19f3-SWR110K-2019-03-04-0,2760,EDDM,LSZH,2019-03-04T13:03:24Z,2019-03-04T13:49:23Z,TRUE,14
4b19f3-SWR118R-2019-03-04-0,2414,LSZH,EDDM,2019-03-04T11:24:35Z,2019-03-04T12:04:48Z,FALSE,NA
4b19f3-SWR119Y-2019-03-04-0,2799,LSZH,EDDM,2019-03-04T14:35:44Z,2019-03-04T15:22:22Z,FALSE,NA
4b19f3-SWR40C-2019-03-04-0,2129,EGLC,LSZH,2019-03-04T20:52:28Z,2019-03-04T22:00:40Z,TRUE,28
4b19f3-SWR73B-2019-03-04-0,4906,LSZH,EGLC,2019-03-04T17:40:01Z,2019-03-04T19:52:25Z,FALSE,NA
4b19f3-SWR914-2019-03-04-0,2059,LSZH,EDDC,2019-03-04T06:31:15Z,2019-03-04T07:27:56Z,FALSE,NA
4b19f3-SWR915-2019-03-04-0,3512,EDDC,LSZH,2019-03-04T08:42:52Z,2019-03-04T10:01:26Z,TRUE,28
4b19f5-SWR1196-2019-03-04-0,4946,LSZH,EDDN,2019-03-04T19:40:34Z,2019-03-04T21:02:59Z,FALSE,NA
4b19f5-SWR134N-2019-03-04-0,2295,LSZH,LIRQ,2019-03-04T06:58:15Z,2019-03-04T07:47:52Z,FALSE,NA
4b19f5-SWR153P-2019-03-04-0,2697,NA,LSZH,2019-03-04T09:01:39Z,2019-03-04T09:51:26Z,TRUE,28
4b19f5-SWR45C-2019-03-04-0,3079,LSZH,EGLC,2019-03-04T11:08:42Z,2019-03-04T12:41:29Z,FALSE,NA
4b19f5-SWR47F-2019-03-04-0,2846,EGLC,LSZH,2019-03-04T13:39:00Z,2019-03-04T15:01:29Z,TRUE,28
4b19f5-SWR71P-2019-03-04-0,2964,LSZH,ELLX,2019-03-04T16:27:31Z,2019-03-04T17:16:54Z,FALSE,NA
4b19f5-SWR75G-2019-03-04-0,2867,ELLX,LSZH,2019-03-04T18:05:13Z,2019-03-04T18:52:59Z,TRUE,28
4b19f6-SWR115G-2019-03-04-0,2591,EDDN,LSZH,2019-03-04T14:05:14Z,2019-03-04T14:48:24Z,TRUE,28
4b19f6-SWR119D-2019-03-04-0,2746,LSZH,EDDN,2019-03-04T11:19:12Z,2019-03-04T12:04:57Z,FALSE,NA
4b19f6-SWR54W-2019-03-04-0,2362,LSZH,LFBD,2019-03-04T06:21:48Z,2019-03-04T07:48:40Z,FALSE,NA
4b19f6-SWR551-2019-03-04-0,2842,LFBD,LSZH,2019-03-04T09:07:45Z,2019-03-04T10:28:58Z,TRUE,28
4b19f6-SWR74Z-2019-03-04-0,2766,EBMB,LSZH,2019-03-04T18:04:38Z,2019-03-04T19:02:31Z,TRUE,28
4b19f6-SWR79R-2019-03-04-0,2612,LSZH,EBMB,2019-03-04T15:56:36Z,2019-03-04T16:58:28Z,FALSE,NA
4b19f7-SWR163W-2019-03-04-0,2279,LIMC,LSZH,2019-03-04T06:24:46Z,2019-03-04T07:02:44Z,TRUE,14
4b19f7-SWR43A-2019-03-04-0,2930,LSZH,EGLC,2019-03-04T07:50:46Z,2019-03-04T09:31:27Z,FALSE,NA
4b19f7-SWR46J-2019-03-04-0,3220,EGLC,LSZH,2019-03-04T10:25:50Z,2019-03-04T11:53:50Z,TRUE,28
4b19f7-SWR755-2019-03-04-0,3520,ELLX,LSZH,2019-03-04T14:20:08Z,2019-03-04T15:18:47Z,TRUE,28
4b19f7-SWR78K-2019-03-04-0,2300,LSZH,ELLX,2019-03-04T13:06:00Z,2019-03-04T13:44:19Z,FALSE,NA
4b19f7-SWR91C-2019-03-04-0,2508,LSZH,EDDC,2019-03-04T16:56:33Z,2019-03-04T18:00:23Z,FALSE,NA
4b19f7-SWR99L-2019-03-04-0,2472,EDDC,LSZH,2019-03-04T19:01:09Z,2019-03-04T20:01:23Z,TRUE,28
4b1a00-SAZ51-2019-03-04-0,2483,LSZH,NA,2019-03-04T07:43:59Z,2019-03-04T09:07:27Z,FALSE,NA
4b1a00-SAZ52-2019-03-04-0,2894,NA,LSZH,2019-03-04T10:31:43Z,2019-03-04T11:56:54Z,TRUE,28
4b1a00-SAZ53-2019-03-04-0,2250,LSZH,OMSJ,2019-03-04T14:45:30Z,2019-03-04T17:24:10Z,FALSE,NA
4b39bc-HBVWM-2019-03-04-0,3595,EDDF,LSZH,2019-03-04T10:47:01Z,2019-03-04T11:46:55Z,TRUE,28
4b43ac-REGA1-2019-03-04-0,735,LSPV,LSZH,2019-03-04T08:56:12Z,2019-03-04T09:08:26Z,FALSE,NA
4b43ad-REGAQJ-2019-03-04-0,1354,LSZH,LSZH,2019-03-04T08:54:20Z,2019-03-04T09:16:53Z,TRUE,32
4b43ad-REGAQJ-2019-03-04-1,5131,LSZH,LSGL,2019-03-04T13:22:15Z,2019-03-04T14:47:45Z,FALSE,NA
4b9061-PGT58X-2019-03-04-0,2917,LTFJ,LSZH,2019-03-04T06:32:59Z,2019-03-04T09:11:25Z,TRUE,28
4b9061-PGT75T-2019-03-04-0,2538,LSZH,LTFJ,2019-03-04T10:05:40Z,2019-03-04T12:40:52Z,FALSE,NA
4ba9c2-THY3YJ-2019-03-04-0,2852,LTBA,LSZH,2019-03-04T06:23:48Z,2019-03-04T08:59:43Z,TRUE,28
4ba9c2-THY98W-2019-03-04-0,2305,LSZH,LTBW,2019-03-04T10:32:05Z,2019-03-04T12:51:58Z,FALSE,NA
4baa48-THY2XF-2019-03-04-0,2814,LSZH,LTBW,2019-03-04T06:23:23Z,2019-03-04T08:59:28Z,FALSE,NA
4baa89-THY9RF-2019-03-04-0,2895,LTBA,LSZH,2019-03-04T18:54:20Z,2019-03-04T21:39:24Z,TRUE,28
4bb261-THY5ZV-2019-03-04-0,2867,LTBA,LSZH,2019-03-04T14:44:08Z,2019-03-04T17:28:58Z,TRUE,28
4bb261-THY8CF-2019-03-04-0,1969,LSZH,LTBW,2019-03-04T19:15:30Z,2019-03-04T21:36:47Z,FALSE,NA
4bb845-PGT61Z-2019-03-04-0,2582,LSZH,LTFJ,2019-03-04T13:33:03Z,2019-03-04T16:11:42Z,FALSE,NA
4bb845-PGT83V-2019-03-04-0,3492,LTFJ,LSZH,2019-03-04T09:47:43Z,2019-03-04T12:42:43Z,TRUE,NA
4c01e0-ASL44Q-2019-03-04-0,2949,NA,LSZH,2019-03-04T11:29:03Z,2019-03-04T13:04:56Z,TRUE,14
4c01e0-ASL74B-2019-03-04-0,2002,LSZH,NA,2019-03-04T14:07:09Z,2019-03-04T15:16:23Z,FALSE,NA
4c01e1-ASL63T-2019-03-04-0,3121,NA,LSZH,2019-03-04T06:12:03Z,2019-03-04T07:48:58Z,TRUE,28
4c01e1-ASL66H-2019-03-04-0,3454,LSZH,NA,2019-03-04T08:58:00Z,2019-03-04T10:30:11Z,FALSE,NA
4c01e2-ASL11C-2019-03-04-0,4082,NA,LSZH,2019-03-04T17:34:42Z,2019-03-04T19:29:25Z,TRUE,28
4c01e2-ASL29P-2019-03-04-0,2487,LSZH,NA,2019-03-04T20:30:22Z,2019-03-04T21:45:06Z,FALSE,NA
4c3f2c-YUPZM-2019-03-04-0,3505,LKPR,LSZH,2019-03-04T08:17:14Z,2019-03-04T09:35:09Z,TRUE,28
4c3f2c-YUPZM-2019-03-04-1,2244,LSZH,NA,2019-03-04T14:59:13Z,2019-03-04T17:52:45Z,FALSE,NA
4ca837-EIN342-2019-03-04-0,2480,EIDW,LSZH,2019-03-04T06:57:26Z,2019-03-04T08:46:42Z,TRUE,28
4ca837-EIN34G-2019-03-04-0,2441,EIDW,LSZH,2019-03-04T16:50:58Z,2019-03-04T18:36:51Z,TRUE,28
4ca837-EIN34Y-2019-03-04-0,2736,LSZH,EIDW,2019-03-04T19:26:37Z,2019-03-04T21:32:29Z,FALSE,NA
4ca837-EIN3GC-2019-03-04-0,3021,LSZH,EIDW,2019-03-04T09:38:09Z,2019-03-04T11:53:14Z,FALSE,NA
4ca99b-AZA4DG-2019-03-04-0,2756,LIRF,LSZH,2019-03-04T16:06:34Z,2019-03-04T17:22:47Z,TRUE,28
4ca99b-AZA573-2019-03-04-0,1985,LSZH,LIRF,2019-03-04T18:29:33Z,2019-03-04T19:41:48Z,FALSE,NA
4ca9a4-AZA571-2019-03-04-0,2227,LSZH,LIRF,2019-03-04T10:05:30Z,2019-03-04T11:23:51Z,FALSE,NA
4ca9a4-AZA572-2019-03-04-0,2455,LIRF,LSZH,2019-03-04T07:54:00Z,2019-03-04T09:02:48Z,TRUE,28
4cc269-ICE10M-2019-03-04-0,2836,BIKF,LSZH,2019-03-04T09:07:20Z,2019-03-04T11:27:17Z,TRUE,28
4cc269-ICE9L-2019-03-04-0,3105,LSZH,BIKF,2019-03-04T12:32:36Z,2019-03-04T14:58:28Z,FALSE,NA
4d02c2-JFA01A-2019-03-04-0,2841,LSZH,NA,2019-03-04T10:57:07Z,2019-03-04T11:50:06Z,FALSE,NA
4d02c2-JFA82E-2019-03-04-0,2739,EGLF,LSZH,2019-03-04T08:11:50Z,2019-03-04T09:36:58Z,TRUE,28
4d2148-ULC34-2019-03-04-0,1618,NA,LSZH,2019-03-04T08:27:20Z,2019-03-04T08:54:17Z,TRUE,28
501dc4-CTN464-2019-03-04-0,3469,LDZA,LSZH,2019-03-04T16:01:15Z,2019-03-04T17:31:27Z,TRUE,28
501dc4-CTN465-2019-03-04-0,2884,LSZH,LDZA,2019-03-04T18:15:22Z,2019-03-04T19:33:29Z,FALSE,NA
501dd0-CTN460-2019-03-04-0,2341,LDZA,LSZH,2019-03-04T08:20:28Z,2019-03-04T08:59:28Z,TRUE,28
501dd0-CTN461-2019-03-04-0,2652,LSZH,LDZA,2019-03-04T10:02:08Z,2019-03-04T11:14:28Z,FALSE,NA
502cd7-BTI6CV-2019-03-04-0,3116,EVRA,LSZH,2019-03-04T14:46:10Z,2019-03-04T17:14:48Z,TRUE,28
502cd7-BTI7TX-2019-03-04-0,2772,LSZH,EVRA,2019-03-04T18:12:05Z,2019-03-04T20:24:36Z,FALSE,NA
502ce8-BTI7LZ-2019-03-04-0,2632,LSZH,EVRA,2019-03-04T09:18:16Z,2019-03-04T11:27:57Z,FALSE,NA
502ce8-BTI7PY-2019-03-04-0,3041,EVRA,LSZH,2019-03-04T06:10:40Z,2019-03-04T08:38:53Z,TRUE,28
5110d5-AMC490-2019-03-04-0,3128,NA,LSZH,2019-03-04T14:33:13Z,2019-03-04T16:25:41Z,TRUE,28
5110d5-AMC491-2019-03-04-0,2737,LSZH,NA,2019-03-04T17:36:59Z,2019-03-04T19:23:14Z,FALSE,NA
70c0ac-OMA153-2019-03-04-0,2728,NA,LSZH,2019-03-04T15:04:23Z,2019-03-04T18:09:28Z,TRUE,28
70c0ac-OMA154-2019-03-04-0,1984,LSZH,NA,2019-03-04T20:35:23Z,2019-03-04T23:18:07Z,FALSE,NA
71ba07-KAL921-2019-03-04-0,2880,LDZA,LSZH,2019-03-04T16:11:32Z,2019-03-04T17:28:53Z,TRUE,28
71ba07-KAL922-2019-03-04-0,2628,LSZH,VHHH,2019-03-04T19:51:26Z,2019-03-04T23:05:35Z,FALSE,NA
738063-ELY347-2019-03-04-0,3558,LL59,LSZH,2019-03-04T05:55:36Z,2019-03-04T10:09:13Z,TRUE,28
738063-ELY348-2019-03-04-0,1069,LSZH,LSZH,2019-03-04T11:50:04Z,2019-03-04T12:07:52Z,TRUE,NA
738063-ELY348-2019-03-04-1,1755,LSZH,LLBG,2019-03-04T12:18:11Z,2019-03-04T14:50:30Z,FALSE,NA
76cd75-SIA345-2019-03-04-0,3416,LSZH,WIDD,2019-03-04T09:37:34Z,2019-03-04T12:22:57Z,FALSE,NA
76cd75-SIA346-2019-03-04-0,2702,NA,LSZH,2019-03-04T03:44:45Z,2019-03-04T06:38:21Z,TRUE,14
780a3c-CPA382-2019-03-04-0,2424,LSZH,VHHH,2019-03-04T10:49:08Z,2019-03-04T13:17:38Z,FALSE,NA
780a3c-CPA383-2019-03-04-0,2657,VHHH,LSZH,2019-03-04T01:32:58Z,2019-03-04T05:20:25Z,TRUE,14
885171-THA970-2019-03-04-0,2515,NA,LSZH,2019-03-04T02:51:32Z,2019-03-04T06:36:29Z,TRUE,14
885171-THA971-2019-03-04-0,2563,LSZH,NA,2019-03-04T12:19:26Z,2019-03-04T14:52:47Z,FALSE,NA
8960ef-UAE2560-2019-03-04-0,2317,LSZH,OMDB,2019-03-04T08:37:39Z,2019-03-04T11:16:28Z,FALSE,NA
896197-UAE87-2019-03-04-0,3635,OMDB,LSZH,2019-03-04T08:19:46Z,2019-03-04T11:26:45Z,TRUE,28
896197-UAE92A-2019-03-04-0,2620,LSZH,OMDB,2019-03-04T13:35:39Z,2019-03-04T16:23:56Z,FALSE,NA
8963cc-ETD39B-2019-03-04-0,2685,VIDP,LSZH,2019-03-04T02:57:12Z,2019-03-04T05:45:27Z,TRUE,14
8963cc-ETD44T-2019-03-04-0,2627,LSZH,WSAP,2019-03-04T09:04:20Z,2019-03-04T11:53:11Z,FALSE,NA
896459-UAE2MJ-2019-03-04-0,3039,OMDB,LSZH,2019-03-04T15:55:26Z,2019-03-04T18:48:58Z,TRUE,28
896459-UAE86-2019-03-04-0,2800,LSZH,OMDB,2019-03-04T20:58:56Z,2019-03-04T23:45:39Z,FALSE,NA
896460-A6CAS-2019-03-04-0,2449,LSZH,LFPB,2019-03-04T09:42:18Z,2019-03-04T10:43:57Z,FALSE,NA
a8b75a-UAL134-2019-03-04-0,2274,KEWR,LSZH,2019-03-04T06:21:33Z,2019-03-04T08:31:26Z,TRUE,28
a8b75a-UAL53-2019-03-04-0,2268,LSZH,KIAD,2019-03-04T10:34:11Z,2019-03-04T12:51:24Z,FALSE,NA
a8dee0-UAL135-2019-03-04-0,2698,LSZH,KLDJ,2019-03-04T09:18:31Z,2019-03-04T11:42:53Z,FALSE,NA
a8dee0-UAL52-2019-03-04-0,1858,KIAD,LSZH,2019-03-04T04:49:52Z,2019-03-04T06:53:57Z,TRUE,14
abb007-DAL407-2019-03-04-0,2983,LSZH,KJFK,2019-03-04T12:27:34Z,2019-03-04T14:52:44Z,FALSE,NA
abb007-DAL408-2019-03-04-0,2918,KJFK,LSZH,2019-03-04T07:01:33Z,2019-03-04T09:17:09Z,TRUE,28
c05840-ACA878-2019-03-04-0,2060,CYYZ,LSZH,2019-03-04T03:20:25Z,2019-03-04T05:26:29Z,TRUE,14
c05840-ACA879-2019-03-04-0,2644,LSZH,CYYZ,2019-03-04T10:16:03Z,2019-03-04T12:37:57Z,FALSE,NA
